,start,age,workclass,fnlwgt,education,education_num,marital_status,occupation,relationship,race,sex,capital_gain,capital_loss,hours_per_week,native_country,income,end
0,<start>,26.91349,State-gov,23740,Bachelors,12.93582,Married-civ-spouse,Prof-specialty,Husband,White,Male,0.00000,0.00000,34.12397,United-States,>50K,<end>
1,<start>,27.94126,Private,176137,HS-grad,8.93521,Never-married,Craft-repair,Not-in-family,White,Male,0.00000,0.00000,39.64639,United-States,<=50K,<end>
2,<start>,41.79034,Local-gov,321851,Doctorate,15.95863,Married-civ-spouse,Exec-managerial,Husband,White,Male,0.00000,0.00000,54.59815,United-States,>50K,<end>
3,<start>,47.18696,Private,249072,Assoc-voc,10.91349,Married-civ-spouse,Tech-support,Husband,White,Male,0.00000,0.00000,39.64639,United-States,<=50K,<end>
4,<start>,27.94126,Private,176137,HS-grad,8.93521,Never-married,Adm-clerical,Not-in-family,White,Female,0.00000,0.00000,39.64639,United-States,<=50K,<end>
5,<start>,46.87664,Local-gov,321851,HS-grad,8.93521,Never-married,Craft-repair,Not-in-family,White,Male,0.00000,0.00000,39.64639,United-States,<=50K,<end>
6,<start>,25.87494,Private,185251,Masters,13.87377,Married-civ-spouse,Exec-managerial,Husband,White,Male,0.00000,0.00000,49.89895,United-States,>50K,<end>
7,<start>,24.16617,Private,149040,Some-college,9.97418,Married-civ-spouse,Craft-repair,Husband,White,Male,0.00000,0.00000,39.64639,United-States,<=50K,<end>
8,<start>,27.94126,Local-gov,154863,HS-grad,8.93521,Divorced,Protective-serv,Other-relative,White,Male,0.00000,1096.10481,39.64639,United-States,<=50K,<end>
9,<start>,63.94239,?,193043,HS-grad,8.93521,Married-civ-spouse,?,Husband,White,Male,0.00000,0.00000,39.64639,United-States,<=50K,<end>
10,<start>,63.94239,?,311764,7th-8th,3.97490,Divorced,Other-service,Husband,White,Male,0.00000,0.00000,39.64639,United-States,<=50K,<end>
11,<start>,63.94239,Private,379062,HS-grad,8.93521,Married-civ-spouse,Sales,Husband,White,Male,0.00000,1095.63316,39.64639,United-States,<=50K,<end>
12,<start>,32.94546,Self-emp-not-inc,191544,Bachelors,12.93582,Married-civ-spouse,?,Husband,Amer-Indian-Eskimo,Male,0.00000,0.00000,39.64639,United-States,<=50K,<end>
13,<start>,21.87085,Private,117618,Bachelors,12.93582,Married-civ-spouse,Sales,Not-in-family,White,Male,0.00000,0.00000,39.64639,United-States,<=50K,<end>
14,<start>,46.87664,Local-gov,321851,Bachelors,12.93582,Never-married,Prof-specialty,Not-in-family,White,Male,0.00000,1095.63316,58.55696,United-States,<=50K,<end>
15,<start>,46.26524,Private,235379,Masters,13.87377,Married-civ-spouse,Exec-managerial,Husband,White,Male,0.00000,0.00000,43.81604,United-States,>50K,<end>
16,<start>,44.78919,State-gov,311671,Assoc-voc,10.91349,Married-civ-spouse,Protective-serv,Husband,White,Male,0.00000,0.00000,43.81604,United-States,<=50K,<end>
17,<start>,36.90524,?,177121,Bachelors,12.93582,Married-civ-spouse,?,Husband,White,Male,0.00000,0.00000,72.24044,United-States,>50K,<end>
18,<start>,46.87664,Private,30457,Assoc-voc,10.91349,Married-civ-spouse,Other-service,Husband,White,Male,0.00000,0.00000,39.64639,United-States,>50K,<end>
19,<start>,22.95875,Private,166497,HS-grad,8.93521,Never-married,Sales,Own-child,White,Female,0.00000,0.00000,39.64639,United-States,<=50K,<end>
20,<start>,36.90524,Private,166497,Bachelors,12.93582,Married-civ-spouse,Exec-managerial,Husband,White,Male,0.00000,0.00000,46.06254,United-States,<=50K,<end>
21,<start>,27.94126,Private,176137,HS-grad,8.93521,Divorced,Other-service,Unmarried,White,Male,0.00000,0.00000,39.64639,United-States,<=50K,<end>
22,<start>,40.77909,Local-gov,401134,Masters,13.87377,Divorced,Exec-managerial,Unmarried,White,Male,0.00000,0.00000,39.64639,United-States,<=50K,<end>
23,<start>,21.64065,Private,29702,HS-grad,8.93521,Divorced,Sales,Own-child,White,Male,0.00000,0.00000,39.64639,United-States,<=50K,<end>
24,<start>,27.94126,Private,176137,Bachelors,12.93582,Never-married,Prof-specialty,Not-in-family,White,Male,0.00000,0.00000,39.64639,United-States,<=50K,<end>
25,<start>,47.81698,State-gov,178686,Masters,13.87377,Married-civ-spouse,Exec-managerial,Husband,White,Male,0.00000,0.00000,49.89895,United-States,>50K,<end>
26,<start>,27.94126,Private,176137,HS-grad,8.93521,Married-civ-spouse,Craft-repair,Husband,White,Male,0.00000,0.00000,39.64639,United-States,<=50K,<end>
27,<start>,27.94126,Private,176137,Some-college,9.97418,Never-married,Craft-repair,Not-in-family,White,Male,0.00000,0.00000,39.64639,United-States,<=50K,<end>
28,<start>,40.77909,Local-gov,401134,Assoc-voc,10.91349,Divorced,Exec-managerial,Unmarried,White,Male,0.00000,0.00000,43.81604,United-States,>50K,<end>
29,<start>,27.94126,Private,176137,HS-grad,8.93521,Divorced,Craft-repair,Not-in-family,White,Male,0.00000,0.00000,39.64639,United-States,<=50K,<end>
30,<start>,23.92482,State-gov,71151,Bachelors,12.93582,Married-civ-spouse,Prof-specialty,Husband,White,Male,0.00000,1808.99616,39.64639,United-States,<=50K,<end>
31,<start>,28.93582,Private,75755,Bachelors,12.93582,Never-married,Prof-specialty,Not-in-family,White,Female,0.00000,0.00000,34.81332,United-States,<=50K,<end>
32,<start>,21.98945,Local-gov,117618,HS-grad,8.93521,Divorced,Farming-fishing,Not-in-family,White,Male,0.00000,0.00000,26.57577,United-States,<=50K,<end>
33,<start>,46.87664,State-gov,175262,Masters,13.87377,Married-civ-spouse,Exec-managerial,Not-in-family,White,Male,0.00000,1901.99987,42.94843,United-States,>50K,<end>
34,<start>,44.78919,Self-emp-not-inc,225456,Bachelors,12.93582,Married-civ-spouse,Exec-managerial,Husband,White,Male,0.00000,0.00000,39.64639,United-States,<=50K,<end>
35,<start>,30.43997,State-gov,55237,Doctorate,15.95863,Married-civ-spouse,Exec-managerial,Husband,White,Male,0.00000,0.00000,79.83803,United-States,>50K,<end>
36,<start>,46.87664,Private,30457,Assoc-voc,10.91349,Married-civ-spouse,Machine-op-inspct,Husband,White,Male,0.00000,0.00000,43.81604,United-States,<=50K,<end>
37,<start>,46.87664,Private,30457,Bachelors,12.93582,Married-civ-spouse,Exec-managerial,Husband,White,Male,0.00000,0.00000,59.73989,United-States,>50K,<end>
38,<start>,21.98945,Private,234641,11th,18.91585,Never-married,Handlers-cleaners,Not-in-family,White,Male,0.00000,0.00000,39.64639,United-States,<=50K,<end>
39,<start>,40.77909,Private,277783,Masters,13.87377,Married-civ-spouse,Prof-specialty,Husband,White,Male,0.00000,0.00000,39.64639,United-States,>50K,<end>
40,<start>,41.27966,Private,163204,Assoc-voc,10.91349,Married-civ-spouse,Sales,Unmarried,White,Male,0.00000,0.00000,39.64639,United-States,<=50K,<end>
41,<start>,36.90524,?,634226,HS-grad,8.93521,Married-civ-spouse,?,Husband,White,Male,0.00000,0.00000,43.81604,United-States,<=50K,<end>
42,<start>,41.53372,Self-emp-not-inc,277783,5th-6th,8.93521,Married-civ-spouse,Craft-repair,Husband,White,Male,0.00000,0.00000,39.64639,United-States,<=50K,<end>
43,<start>,23.92482,Private,215955,HS-grad,8.93521,Married-civ-spouse,Sales,Husband,White,Male,0.00000,0.00000,39.64639,United-States,<=50K,<end>
44,<start>,27.94126,Private,176137,HS-grad,8.93521,Divorced,Sales,Not-in-family,White,Female,0.00000,0.00000,39.64639,United-States,<=50K,<end>
45,<start>,24.93521,Private,210184,Doctorate,15.95863,Married-civ-spouse,Prof-specialty,Husband,White,Male,0.00000,0.00000,39.64639,United-States,<=50K,<end>
46,<start>,76.94672,Private,210184,Masters,13.87377,Divorced,Sales,Not-in-family,White,Male,0.00000,0.00000,39.64639,United-States,<=50K,<end>
47,<start>,40.77909,Local-gov,401134,Bachelors,12.93582,Married-civ-spouse,Prof-specialty,Husband,White,Male,0.00000,0.00000,39.64639,United-States,<=50K,<end>
48,<start>,40.77909,Private,113823,Masters,13.87377,Never-married,Sales,Not-in-family,White,Male,0.00000,0.00000,39.64639,United-States,<=50K,<end>
49,<start>,31.95863,Private,311764,Some-college,9.97418,Married-civ-spouse,Craft-repair,Husband,White,Male,0.00000,0.00000,39.64639,United-States,<=50K,<end>
50,<start>,18.97427,Private,97189,Bachelors,12.93582,Married-civ-spouse,Sales,Husband,White,Male,0.00000,0.00000,39.64639,United-States,<=50K,<end>
51,<start>,57.67911,Private,367695,Masters,13.87377,Married-civ-spouse,Exec-managerial,Husband,White,Male,0.00000,1901.99987,40.44730,United-States,>50K,<end>
52,<start>,21.98945,Private,234641,11th,6.95875,Never-married,Handlers-cleaners,Own-child,White,Male,0.00000,0.00000,39.64639,United-States,<=50K,<end>
53,<start>,22.95875,Private,167187,HS-grad,8.93521,Never-married,Sales,Unmarried,White,Male,0.00000,0.00000,39.64639,United-States,<=50K,<end>
54,<start>,21.98945,Private,61850,Bachelors,12.93582,Never-married,Exec-managerial,Own-child,White,Male,0.00000,0.00000,39.64639,United-States,<=50K,<end>
55,<start>,39.80748,Private,353524,Doctorate,15.95863,Married-civ-spouse,Prof-specialty,Husband,White,Male,0.00000,1901.99987,36.59823,United-States,>50K,<end>
56,<start>,44.78919,Private,229531,Bachelors,12.93582,Married-civ-spouse,Exec-managerial,Husband,White,Male,0.00000,0.00000,59.73989,United-States,>50K,<end>
57,<start>,48.78595,Private,126754,Bachelors,12.93582,Never-married,Prof-specialty,Not-in-family,White,Male,0.00000,1095.63316,39.64639,United-States,<=50K,<end>
58,<start>,53.71282,Private,209535,Masters,13.87377,Married-civ-spouse,Exec-managerial,Not-in-family,White,Male,0.00000,1901.99987,36.96605,United-States,>50K,<end>
59,<start>,27.94126,?,50356,HS-grad,8.93521,Married-civ-spouse,?,Husband,White,Male,0.00000,0.00000,39.64639,United-States,<=50K,<end>
60,<start>,46.87664,Private,176657,HS-grad,8.93521,Married-civ-spouse,Exec-managerial,Husband,White,Male,0.00000,1095.63316,49.89895,United-States,<=50K,<end>
61,<start>,27.94126,Private,176137,Bachelors,12.93582,Married-civ-spouse,Prof-specialty,Husband,White,Male,0.00000,1824.92411,39.64639,United-States,>50K,<end>
62,<start>,32.94546,Private,213226,HS-grad,8.93521,Married-civ-spouse,Farming-fishing,Husband,White,Male,0.00000,0.00000,39.64639,United-States,<=50K,<end>
63,<start>,45.96410,Private,173736,Bachelors,12.93582,Married-civ-spouse,Prof-specialty,Husband,White,Male,0.00000,0.00000,39.64639,United-States,<=50K,<end>
64,<start>,46.87664,?,46786,Bachelors,12.93582,Married-civ-spouse,?,Husband,White,Male,0.00000,0.00000,44.70118,Philippines,>50K,<end>
65,<start>,36.90524,Private,166497,Masters,13.87377,Divorced,Exec-managerial,Unmarried,White,Male,0.00000,0.00000,43.81604,United-States,<=50K,<end>
66,<start>,57.67911,Self-emp-inc,78104,HS-grad,8.93521,Married-civ-spouse,Exec-managerial,Husband,White,Male,0.00000,0.00000,39.64639,United-States,<=50K,<end>
67,<start>,44.78919,Federal-gov,311671,Assoc-voc,10.91349,Married-civ-spouse,Sales,Husband,White,Male,0.00000,0.00000,43.81604,United-States,<=50K,<end>
68,<start>,25.02501,Private,135525,HS-grad,8.93521,Never-married,Craft-repair,Not-in-family,Amer-Indian-Eskimo,Male,0.00000,0.00000,39.64639,United-States,<=50K,<end>
69,<start>,67.41860,Private,185251,HS-grad,8.93521,Married-civ-spouse,Sales,Husband,White,Male,0.00000,0.00000,43.81604,United-States,<=50K,<end>
70,<start>,27.94126,Private,478315,Bachelors,12.93582,Never-married,Prof-specialty,Not-in-family,White,Female,0.00000,0.00000,79.83803,United-States,<=50K,<end>
71,<start>,27.94126,Private,176137,Bachelors,12.93582,Never-married,Sales,Not-in-family,White,Male,0.00001,1095.63316,47.94239,United-States,<=50K,<end>
72,<start>,45.96410,Private,124963,Bachelors,12.93582,Married-civ-spouse,Prof-specialty,Husband,White,Male,0.00000,1901.99987,44.70118,United-States,>50K,<end>
73,<start>,59.81604,?,173736,12th,7.92482,Married-civ-spouse,?,Husband,White,Male,0.00000,0.00000,96.54411,United-States,<=50K,<end>
74,<start>,63.94239,Private,379062,Doctorate,15.95863,Married-civ-spouse,Prof-specialty,Husband,White,Male,0.00000,0.00000,59.73989,United-States,>50K,<end>
75,<start>,41.79034,State-gov,148316,Assoc-voc,10.91349,Married-civ-spouse,Tech-support,Husband,White,Male,0.00000,0.00000,39.64639,United-States,<=50K,<end>
76,<start>,41.79034,Local-gov,214143,Bachelors,12.93582,Married-civ-spouse,Sales,Husband,White,Male,0.00000,1095.63316,39.64639,United-States,<=50K,<end>
77,<start>,53.71282,Private,321851,Bachelors,12.93582,Married-civ-spouse,Prof-specialty,Husband,White,Male,0.00000,0.00000,35.87354,United-States,<=50K,<end>
78,<start>,28.93582,Private,224870,Bachelors,8.93521,Married-civ-spouse,Craft-repair,Husband,White,Male,0.00000,0.00000,39.64639,United-States,<=50K,<end>
79,<start>,23.92482,Local-gov,317443,Bachelors,12.93582,Married-civ-spouse,Prof-specialty,Husband,White,Male,0.00000,0.00000,47.94239,United-States,<=50K,<end>
80,<start>,51.87354,Private,221936,HS-grad,8.93521,Married-civ-spouse,Craft-repair,Husband,Black,Male,0.00000,0.00000,49.89895,United-States,<=50K,<end>
81,<start>,45.96410,Local-gov,359193,Some-college,9.97418,Divorced,Exec-managerial,Unmarried,White,Male,0.00000,0.00000,44.70118,United-States,>50K,<end>
82,<start>,20.95303,Private,185251,Bachelors,12.93582,Married-civ-spouse,Prof-specialty,Husband,White,Male,0.00000,0.00000,24.77909,United-States,<=50K,<end>
83,<start>,38.87398,Self-emp-not-inc,597843,Masters,13.87377,Married-civ-spouse,Exec-managerial,Husband,White,Male,0.00000,0.00000,49.89895,United-States,>50K,<end>
84,<start>,22.95875,Local-gov,117618,Bachelors,12.93582,Married-civ-spouse,Prof-specialty,Husband,White,Male,0.00000,0.00000,39.64639,United-States,<=50K,<end>
85,<start>,46.87664,Private,445940,Bachelors,12.93582,Married-civ-spouse,Exec-managerial,Husband,White,Male,0.00000,0.00000,47.94239,United-States,<=50K,<end>
86,<start>,21.98945,Private,63424,HS-grad,8.93521,Divorced,Exec-managerial,Unmarried,White,Female,0.00000,0.00000,39.64639,United-States,<=50K,<end>
87,<start>,34.91585,Private,204621,7th-8th,3.97490,Married-civ-spouse,Transport-moving,Husband,White,Male,0.00000,0.00000,47.94239,United-States,<=50K,<end>
88,<start>,40.77909,Local-gov,401134,Masters,13.87377,Never-married,Exec-managerial,Not-in-family,White,Male,0.00000,0.00000,43.81604,United-States,<=50K,<end>
89,<start>,27.94126,Private,176137,Some-college,9.97418,Never-married,Craft-repair,Not-in-family,White,Male,0.00000,0.00000,36.59823,United-States,<=50K,<end>
90,<start>,24.93521,Private,210866,Bachelors,12.93582,Never-married,Sales,Not-in-family,White,Male,0.00000,0.00000,39.64639,United-States,<=50K,<end>
91,<start>,18.97427,Private,66686,7th-8th,3.97490,Never-married,Exec-managerial,Own-child,White,Male,0.00000,0.00000,39.64639,United-States,<=50K,<end>
92,<start>,46.87664,Local-gov,321851,Bachelors,12.93582,Separated,Prof-specialty,Not-in-family,White,Male,0.00000,0.00000,24.77909,United-States,<=50K,<end>
93,<start>,22.61937,Private,126838,HS-grad,8.93521,Never-married,Handlers-cleaners,Own-child,White,Male,0.00000,0.00000,54.05489,United-States,<=50K,<end>
94,<start>,44.78919,Private,114678,HS-grad,8.93521,Divorced,Craft-repair,Not-in-family,White,Male,0.00000,0.00000,39.64639,United-States,<=50K,<end>
95,<start>,44.78919,Private,195394,Masters,13.87377,Married-civ-spouse,Prof-specialty,Husband,White,Male,0.00000,0.00000,44.70118,United-States,<=50K,<end>
96,<start>,18.97427,?,634226,10th,5.98945,Married-civ-spouse,Other-service,Husband,White,Male,0.00000,0.00000,35.87354,United-States,<=50K,<end>
97,<start>,21.98945,?,452405,12th,7.92482,Married-civ-spouse,?,Husband,White,Male,0.00000,0.00000,39.64639,United-States,<=50K,<end>
98,<start>,46.26524,Local-gov,277783,Some-college,9.97418,Divorced,Other-service,Unmarried,White,Female,0.00000,0.00000,39.64639,United-States,<=50K,<end>
99,<start>,19.28708,Local-gov,117618,Bachelors,12.93582,Married-civ-spouse,Prof-specialty,Husband,White,Male,0.00000,0.00000,39.64639,United-States,<=50K,<end>
100,<start>,46.87664,Private,135803,Bachelors,12.93582,Married-civ-spouse,Exec-managerial,Husband,White,Male,0.00000,0.00000,49.89895,United-States,<=50K,<end>
101,<start>,22.95875,?,148751,Some-college,9.97418,Married-civ-spouse,?,Husband,White,Male,0.00000,0.00000,39.64639,United-States,<=50K,<end>
102,<start>,22.95875,?,148751,Bachelors,12.93582,Married-civ-spouse,?,Husband,White,Male,0.00000,0.00000,39.64639,United-States,<=50K,<end>
103,<start>,44.78919,Private,325089,Masters,13.87377,Married-civ-spouse,Sales,Husband,White,Male,0.00000,0.00000,35.87354,United-States,<=50K,<end>
104,<start>,21.98945,Private,452405,Preschool,2.71828,Never-married,Other-service,Not-in-family,White,Male,0.00000,0.00000,39.64639,Mexico,<=50K,<end>
105,<start>,22.61937,Private,111567,HS-grad,8.93521,Married-civ-spouse,Exec-managerial,Husband,White,Male,0.00000,0.00000,39.64639,United-States,<=50K,<end>
106,<start>,26.69739,?,199046,Assoc-voc,10.91349,Married-civ-spouse,?,Husband,White,Male,0.00000,0.00000,39.64639,United-States,<=50K,<end>
107,<start>,20.95303,Private,185251,Bachelors,12.93582,Married-civ-spouse,Exec-managerial,Husband,White,Male,0.00000,0.00000,39.64639,United-States,<=50K,<end>
108,<start>,34.91585,?,117618,Bachelors,12.93582,Never-married,?,Not-in-family,Amer-Indian-Eskimo,Male,0.00000,0.00000,39.64639,United-States,<=50K,<end>
109,<start>,45.96410,Local-gov,359193,Bachelors,12.93582,Married-civ-spouse,Prof-specialty,Husband,White,Male,0.00000,0.00000,39.64639,United-States,<=50K,<end>
110,<start>,24.93521,?,504871,HS-grad,8.93521,Married-civ-spouse,?,Husband,White,Male,0.00000,0.00000,39.64639,United-States,<=50K,<end>
111,<start>,32.28102,State-gov,272944,HS-grad,8.93521,Married-civ-spouse,Prof-specialty,Husband,Amer-Indian-Eskimo,Male,0.00000,0.00000,39.64639,United-States,>50K,<end>
112,<start>,45.96410,Private,290226,HS-grad,8.93521,Married-civ-spouse,Craft-repair,Husband,Black,Male,0.00000,0.00000,39.64639,United-States,<=50K,<end>
113,<start>,27.94126,Private,176137,HS-grad,8.93521,Never-married,Craft-repair,Not-in-family,White,Female,0.00000,0.00000,39.64639,United-States,<=50K,<end>
114,<start>,40.77909,Private,113823,Masters,13.87377,Married-civ-spouse,Exec-managerial,Husband,White,Male,0.00000,0.00000,39.64639,United-States,>50K,<end>
115,<start>,22.95875,Private,321851,Bachelors,12.93582,Never-married,Sales,Own-child,White,Male,0.00000,0.00000,47.94239,United-States,<=50K,<end>
116,<start>,46.87664,?,300528,Bachelors,12.93582,Married-civ-spouse,?,Husband,White,Male,0.00000,0.00000,119.10435,United-States,<=50K,<end>
117,<start>,45.96410,?,634226,10th,5.98945,Never-married,?,Own-child,White,Male,0.00000,0.00000,41.67911,United-States,<=50K,<end>
118,<start>,36.90524,Local-gov,117618,Bachelors,12.93582,Married-civ-spouse,Prof-specialty,Husband,White,Male,0.00000,0.00000,39.64639,United-States,>50K,<end>
119,<start>,53.71282,Private,185407,Bachelors,12.93582,Married-civ-spouse,Other-service,Husband,White,Male,0.00000,0.00000,24.77909,United-States,<=50K,<end>
120,<start>,33.99331,Private,452405,Masters,13.87377,Married-civ-spouse,Exec-managerial,Not-in-family,White,Male,0.00000,0.00000,35.87354,United-States,>50K,<end>
121,<start>,23.92482,Local-gov,317443,Bachelors,12.93582,Married-civ-spouse,Prof-specialty,Not-in-family,White,Male,0.00000,0.00000,39.64639,United-States,>50K,<end>
122,<start>,40.77909,Local-gov,277783,Some-college,9.97418,Divorced,Exec-managerial,Unmarried,White,Female,0.00000,0.00000,39.64639,United-States,<=50K,<end>
123,<start>,21.98945,Private,234641,HS-grad,8.93521,Never-married,Other-service,Not-in-family,Black,Female,0.00000,0.00000,34.81332,United-States,<=50K,<end>
124,<start>,27.94126,Local-gov,154863,Bachelors,12.93582,Never-married,Prof-specialty,Not-in-family,White,Male,0.00000,0.00000,39.64639,United-States,<=50K,<end>
125,<start>,24.93521,Private,141511,Doctorate,15.95863,Never-married,Exec-managerial,Not-in-family,White,Male,0.00000,0.00000,37.71282,United-States,>50K,<end>
126,<start>,46.87664,Private,30457,Masters,13.87377,Divorced,Exec-managerial,Not-in-family,White,Male,0.00000,1151.85874,49.89895,United-States,<=50K,<end>
127,<start>,41.79034,?,334741,HS-grad,8.93521,Divorced,?,Husband,White,Male,0.00000,0.00000,39.64639,United-States,<=50K,<end>
128,<start>,48.13674,Private,183203,Assoc-acdm,11.94126,Divorced,Sales,Unmarried,White,Male,0.00000,0.00000,39.64639,United-States,<=50K,<end>
129,<start>,39.80748,Private,114678,Bachelors,12.93582,Married-civ-spouse,Prof-specialty,Husband,White,Male,0.00040,0.00000,39.64639,United-States,>50K,<end>
130,<start>,22.95875,Private,31606,HS-grad,8.93521,Never-married,Craft-repair,Not-in-family,White,Male,0.00000,0.00000,39.64639,United-States,<=50K,<end>
131,<start>,46.87664,Private,115070,Bachelors,12.93582,Married-civ-spouse,Farming-fishing,Husband,White,Male,0.00000,0.00000,39.64639,United-States,>50K,<end>
132,<start>,48.13674,Private,166929,Doctorate,15.95863,Married-civ-spouse,Exec-managerial,Husband,White,Male,0.00000,0.00000,49.89895,United-States,>50K,<end>
133,<start>,28.93582,Private,98010,Bachelors,12.93582,Never-married,Adm-clerical,Not-in-family,White,Male,0.00000,1095.63316,39.64639,United-States,<=50K,<end>
134,<start>,46.87664,Private,141511,Doctorate,15.95863,Married-civ-spouse,Prof-specialty,Husband,White,Male,0.00000,1901.99987,49.89895,United-States,>50K,<end>
135,<start>,20.95303,Private,185251,HS-grad,8.93521,Divorced,Craft-repair,Unmarried,White,Male,0.00000,0.00000,35.16320,United-States,<=50K,<end>
136,<start>,18.97427,Private,97189,HS-grad,8.93521,Never-married,Adm-clerical,Not-in-family,White,Female,0.00000,0.00000,39.64639,United-States,<=50K,<end>
137,<start>,18.97427,?,195282,Bachelors,12.93582,Never-married,?,Not-in-family,White,Female,0.00000,0.00000,24.77909,United-States,<=50K,<end>
138,<start>,21.98945,Private,234641,HS-grad,8.93521,Married-civ-spouse,Handlers-cleaners,Husband,White,Male,0.00000,0.00000,39.64639,United-States,>50K,<end>
139,<start>,48.78595,Private,185385,Masters,13.87377,Married-civ-spouse,Sales,Husband,White,Male,0.00000,1095.63316,49.89895,United-States,>50K,<end>
140,<start>,47.81698,Private,166929,Bachelors,12.93582,Married-civ-spouse,?,Husband,White,Male,0.00000,1095.63316,49.89895,United-States,>50K,<end>
141,<start>,26.91349,State-gov,23740,HS-grad,8.93521,Never-married,Craft-repair,Not-in-family,Amer-Indian-Eskimo,Male,0.00000,0.00000,39.64639,United-States,<=50K,<end>
142,<start>,20.95303,Private,185251,Bachelors,12.93582,Never-married,Sales,Not-in-family,White,Male,0.00000,0.00000,39.64639,United-States,<=50K,<end>
143,<start>,46.87664,?,199046,Bachelors,12.93582,Married-civ-spouse,?,Husband,White,Male,0.00000,0.00000,39.64639,United-States,<=50K,<end>
144,<start>,21.98945,Private,234641,HS-grad,8.93521,Never-married,Other-service,Not-in-family,White,Female,0.00000,0.00000,39.64639,United-States,<=50K,<end>
145,<start>,46.87664,Private,132633,Bachelors,12.93582,Married-civ-spouse,Sales,Husband,White,Male,0.00000,0.00000,39.64639,United-States,<=50K,<end>
146,<start>,40.77909,Local-gov,277783,Some-college,9.97418,Divorced,Exec-managerial,Unmarried,White,Male,0.00000,0.00000,39.64639,United-States,<=50K,<end>
147,<start>,24.93521,Private,245361,Bachelors,12.93582,Never-married,Sales,Not-in-family,White,Male,0.00000,0.00000,39.64639,United-States,<=50K,<end>
148,<start>,27.94126,Private,176137,HS-grad,8.93521,Never-married,Exec-managerial,Other-relative,White,Male,0.00000,0.00000,49.89895,United-States,<=50K,<end>
149,<start>,33.63702,Private,379062,Bachelors,12.93582,Married-civ-spouse,Prof-specialty,Husband,Amer-Indian-Eskimo,Male,0.00000,0.00000,59.73989,United-States,<=50K,<end>
150,<start>,18.97427,?,634226,10th,5.98945,Married-civ-spouse,?,Husband,White,Male,0.00000,0.00000,19.68782,United-States,<=50K,<end>
151,<start>,27.94126,Private,176137,HS-grad,8.93521,Never-married,Other-service,Not-in-family,White,Female,0.00000,0.00000,24.77909,United-States,<=50K,<end>
152,<start>,67.93537,Private,202652,Bachelors,12.93582,Married-civ-spouse,Exec-managerial,Husband,White,Male,0.00000,0.00000,39.64639,United-States,>50K,<end>
153,<start>,47.18696,Private,242482,Bachelors,12.93582,Married-civ-spouse,Prof-specialty,Husband,White,Male,0.00000,0.00000,39.64639,United-States,>50K,<end>
154,<start>,51.87354,Private,221936,HS-grad,8.93521,Divorced,Transport-moving,Not-in-family,White,Male,0.00000,0.00000,39.64639,United-States,<=50K,<end>
155,<start>,48.13674,Private,185251,Bachelors,12.93582,Married-civ-spouse,Exec-managerial,Husband,White,Male,0.00000,0.00000,47.94239,United-States,>50K,<end>
156,<start>,27.94126,Private,176137,HS-grad,8.93521,Divorced,Sales,Not-in-family,White,Male,0.00000,0.00000,39.64639,United-States,<=50K,<end>
157,<start>,22.61937,Private,234641,HS-grad,8.93521,Married-civ-spouse,Farming-fishing,Husband,White,Male,0.00000,0.00000,39.64639,United-States,>50K,<end>
158,<start>,27.94126,Self-emp-not-inc,191389,Some-college,9.97418,Never-married,Sales,Unmarried,White,Female,0.00000,0.00000,17.63702,United-States,<=50K,<end>
159,<start>,58.09799,?,134854,Assoc-voc,10.91349,Married-civ-spouse,?,Husband,White,Male,0.00000,0.00000,39.64639,United-States,<=50K,<end>
160,<start>,66.90698,Private,339168,HS-grad,8.93521,Married-civ-spouse,Sales,Husband,White,Male,0.00000,0.00000,39.64639,United-States,<=50K,<end>
161,<start>,17.99372,Private,228873,HS-grad,8.93521,Married-civ-spouse,Craft-repair,Husband,White,Male,0.00000,0.00000,39.64639,United-States,<=50K,<end>
162,<start>,22.95875,?,148751,Bachelors,12.93582,Never-married,?,Not-in-family,White,Female,0.00000,0.00000,39.64639,United-States,<=50K,<end>
163,<start>,18.97427,Private,97189,Some-college,9.97418,Never-married,Sales,Own-child,White,Female,0.00000,0.00000,39.64639,United-States,<=50K,<end>
164,<start>,40.77909,Private,113823,Masters,13.87377,Divorced,Sales,Unmarried,White,Female,0.00000,0.00000,39.64639,United-States,<=50K,<end>
165,<start>,45.96410,Private,55237,Doctorate,15.95863,Married-civ-spouse,Prof-specialty,Husband,White,Male,0.00000,1901.99987,42.94843,United-States,>50K,<end>
166,<start>,45.96410,Private,123053,Masters,13.87377,Married-civ-spouse,Sales,Husband,White,Male,0.00000,0.00000,39.64639,United-States,>50K,<end>
167,<start>,45.96410,Private,300528,Bachelors,12.93582,Married-civ-spouse,Sales,Husband,White,Male,0.00000,1901.99987,47.46535,United-States,>50K,<end>
168,<start>,18.97427,?,276973,Some-college,9.97418,Never-married,?,Own-child,White,Female,0.00000,0.00000,14.58509,United-States,<=50K,<end>
169,<start>,60.70118,?,30475,7th-8th,5.36556,Divorced,?,Not-in-family,White,Male,0.00000,0.00000,39.64639,United-States,<=50K,<end>
170,<start>,51.87354,Private,221936,HS-grad,8.93521,Divorced,Exec-managerial,Not-in-family,White,Female,0.00000,0.00000,24.77909,United-States,<=50K,<end>
171,<start>,18.97427,?,634226,10th,5.98945,Never-married,?,Own-child,White,Male,0.00000,0.00000,39.64639,United-States,<=50K,<end>
172,<start>,26.07442,Private,113823,Bachelors,12.93582,Married-civ-spouse,Tech-support,Husband,White,Male,0.00000,0.00000,39.64639,United-States,<=50K,<end>
173,<start>,44.78919,Private,311671,Assoc-voc,10.91349,Married-civ-spouse,Craft-repair,Husband,White,Male,0.00000,0.00000,49.89895,United-States,<=50K,<end>
174,<start>,40.77909,Local-gov,277783,HS-grad,8.93521,Divorced,Exec-managerial,Unmarried,White,Female,0.00000,0.00000,39.64639,United-States,<=50K,<end>
175,<start>,27.94126,Private,176137,HS-grad,8.93521,Never-married,Other-service,Not-in-family,White,Female,0.00000,0.00000,39.64639,United-States,<=50K,<end>
176,<start>,33.63702,Self-emp-not-inc,167149,7th-8th,6.95875,Married-civ-spouse,Craft-repair,Husband,White,Male,0.00000,0.00000,39.64639,United-States,<=50K,<end>
177,<start>,41.79034,Private,445940,9th,4.95303,Married-civ-spouse,Craft-repair,Husband,White,Male,0.00000,0.00000,39.64639,Mexico,<=50K,<end>
178,<start>,46.87664,Private,115070,Masters,13.87377,Never-married,Sales,Not-in-family,White,Male,0.00000,1095.63316,39.64639,United-States,<=50K,<end>
179,<start>,27.94126,Private,176137,HS-grad,8.93521,Divorced,Craft-repair,Other-relative,White,Male,0.00000,0.00000,39.64639,United-States,<=50K,<end>
180,<start>,24.93521,?,504871,Doctorate,15.95863,Married-civ-spouse,?,Husband,White,Male,0.00000,0.00000,72.96647,United-States,<=50K,<end>
181,<start>,46.87664,Private,115070,Doctorate,15.95863,Married-civ-spouse,Prof-specialty,Husband,White,Male,0.00000,1901.99987,44.70118,United-States,>50K,<end>
182,<start>,27.94126,Private,176137,HS-grad,8.93521,Divorced,Adm-clerical,Not-in-family,White,Male,0.00000,0.00000,39.64639,United-States,<=50K,<end>
183,<start>,19.97490,Private,227491,Bachelors,12.93582,Married-civ-spouse,Other-service,Husband,White,Male,0.00000,0.00000,26.31134,United-States,<=50K,<end>
184,<start>,32.94546,Private,213226,HS-grad,8.93521,Divorced,Sales,Unmarried,White,Male,0.00000,0.00000,39.64639,United-States,<=50K,<end>
185,<start>,29.87377,?,221936,Assoc-acdm,11.94126,Married-civ-spouse,Adm-clerical,Not-in-family,Black,Female,0.00000,0.00000,39.64639,United-States,<=50K,<end>
186,<start>,45.96410,Private,103809,HS-grad,8.93521,Divorced,Sales,Husband,White,Male,0.00000,0.00000,43.81604,United-States,<=50K,<end>
187,<start>,21.98945,Private,234641,Bachelors,12.93582,Separated,Sales,Own-child,White,Male,0.00000,0.00000,39.64639,United-States,<=50K,<end>
188,<start>,24.93521,Private,210184,Doctorate,15.95863,Married-civ-spouse,Prof-specialty,Husband,White,Male,0.00000,0.00000,44.70118,United-States,>50K,<end>
189,<start>,45.96410,Local-gov,359193,Bachelors,12.93582,Divorced,Exec-managerial,Unmarried,White,Female,0.00000,0.00000,49.89895,United-States,<=50K,<end>
190,<start>,59.81604,Private,114678,Masters,13.87377,Married-civ-spouse,Exec-managerial,Husband,White,Male,0.00000,0.00000,43.81604,United-States,>50K,<end>
191,<start>,21.98945,Private,234641,Bachelors,12.93582,Never-married,Sales,Own-child,White,Male,0.00000,0.00000,39.64639,United-States,<=50K,<end>
192,<start>,40.77909,Local-gov,401134,Bachelors,12.93582,Divorced,Exec-managerial,Unmarried,White,Male,0.00000,0.00000,39.64639,United-States,<=50K,<end>
193,<start>,19.97490,?,284450,Some-college,9.97418,Never-married,?,Unmarried,White,Female,0.00000,0.00000,39.64639,United-States,<=50K,<end>
194,<start>,40.77909,Private,66686,Masters,13.87377,Married-civ-spouse,Sales,Husband,White,Male,0.00000,0.00000,39.64639,United-States,>50K,<end>
195,<start>,18.97427,Private,97189,Bachelors,12.93582,Never-married,Exec-managerial,Own-child,White,Male,0.00000,0.00000,41.67911,United-States,<=50K,<end>
196,<start>,27.94126,Private,129305,HS-grad,8.93521,Divorced,Craft-repair,Not-in-family,Amer-Indian-Eskimo,Female,0.00000,0.00000,39.64639,United-States,<=50K,<end>
197,<start>,63.94239,Private,379062,Bachelors,12.93582,Married-civ-spouse,Exec-managerial,Husband,White,Male,0.00000,0.00000,39.64639,United-States,>50K,<end>
198,<start>,27.94126,Private,276973,Bachelors,12.93582,Never-married,Adm-clerical,Not-in-family,White,Male,0.00000,0.00000,39.64639,United-States,<=50K,<end>
199,<start>,40.77909,Local-gov,401134,Bachelors,12.93582,Divorced,Prof-specialty,Unmarried,White,Male,0.00000,0.00000,39.64639,United-States,<=50K,<end>
200,<start>,31.95863,State-gov,190682,Assoc-voc,10.91349,Married-civ-spouse,Tech-support,Not-in-family,White,Male,0.00000,0.00000,39.64639,United-States,<=50K,<end>
201,<start>,42.84286,?,52590,HS-grad,8.93521,Married-civ-spouse,?,Husband,White,Male,0.00000,0.00000,39.64639,United-States,<=50K,<end>
202,<start>,27.94126,Self-emp-not-inc,191389,Some-college,9.97418,Never-married,Sales,Not-in-family,White,Female,0.00000,0.00000,39.64639,United-States,<=50K,<end>
203,<start>,45.96410,State-gov,178686,Assoc-voc,10.91349,Separated,?,Unmarried,White,Female,0.00000,0.00000,39.64639,United-States,<=50K,<end>
204,<start>,31.95863,Private,311764,Bachelors,12.93582,Never-married,Adm-clerical,Not-in-family,White,Male,0.00000,0.00000,39.64639,United-States,<=50K,<end>
205,<start>,33.63702,Private,311764,Doctorate,15.95863,Married-civ-spouse,Exec-managerial,Husband,White,Male,0.00000,0.00000,39.64639,United-States,>50K,<end>
206,<start>,27.94126,Private,176137,Some-college,9.97418,Never-married,Sales,Not-in-family,White,Female,0.00000,1095.63316,39.64639,United-States,<=50K,<end>
207,<start>,22.95875,?,148751,Doctorate,15.95863,Married-civ-spouse,?,Husband,White,Male,0.00000,0.00000,120.30137,United-States,<=50K,<end>
208,<start>,24.93521,?,317219,Bachelors,12.93582,Never-married,?,Not-in-family,White,Male,0.00000,0.00000,107.77007,United-States,<=50K,<end>
209,<start>,24.93521,Private,210184,Doctorate,15.95863,Never-married,Prof-specialty,Not-in-family,White,Male,0.00000,0.00000,37.71282,United-States,<=50K,<end>
210,<start>,26.91349,Private,139903,HS-grad,8.93521,Never-married,Handlers-cleaners,Not-in-family,White,Female,0.00000,0.00000,39.64639,United-States,<=50K,<end>
211,<start>,45.96410,?,634226,10th,5.98945,Married-civ-spouse,?,Husband,White,Male,0.00000,0.00000,19.68782,United-States,<=50K,<end>
212,<start>,55.64639,Private,371064,Some-college,9.97418,Married-civ-spouse,Tech-support,Husband,White,Male,0.00000,0.00000,39.64639,United-States,<=50K,<end>
213,<start>,46.87664,Private,107302,Bachelors,12.93582,Divorced,Sales,Unmarried,White,Female,0.00000,0.00000,39.64639,United-States,<=50K,<end>
214,<start>,33.63702,Private,300528,Doctorate,15.95863,Married-civ-spouse,Prof-specialty,Husband,White,Male,0.00000,0.00000,44.70118,United-States,>50K,<end>
215,<start>,20.39295,?,185251,Some-college,9.97418,Never-married,?,Not-in-family,White,Female,0.00000,0.00000,39.64639,United-States,<=50K,<end>
216,<start>,27.94126,Private,176137,HS-grad,8.93521,Divorced,Other-service,Own-child,White,Male,0.00000,0.00000,39.64639,United-States,<=50K,<end>
217,<start>,21.98945,Private,234641,HS-grad,8.93521,Married-civ-spouse,Craft-repair,Husband,White,Male,0.00000,0.00000,44.70118,United-States,<=50K,<end>
218,<start>,27.94126,Private,176137,Bachelors,12.93582,Never-married,Exec-managerial,Not-in-family,White,Female,0.00000,0.00000,16.44465,United-States,<=50K,<end>
219,<start>,47.81698,?,52590,HS-grad,8.93521,Married-civ-spouse,?,Husband,White,Male,0.00000,0.00000,39.64639,United-States,<=50K,<end>
220,<start>,27.94126,Private,198870,Bachelors,12.93582,Never-married,Prof-specialty,Not-in-family,White,Male,0.00000,1095.63316,47.94239,United-States,<=50K,<end>
221,<start>,46.87664,Private,162572,Bachelors,12.93582,Married-civ-spouse,Prof-specialty,Husband,White,Male,0.00000,0.00000,43.81604,United-States,>50K,<end>
222,<start>,21.98945,Private,234641,HS-grad,8.93521,Married-civ-spouse,Transport-moving,Husband,White,Male,0.00000,0.00000,39.64639,United-States,<=50K,<end>
223,<start>,21.98945,Private,234641,Bachelors,12.93582,Married-civ-spouse,Machine-op-inspct,Not-in-family,White,Female,0.00000,0.00000,24.77909,United-States,<=50K,<end>
224,<start>,34.91585,Private,245361,Bachelors,12.93582,Married-civ-spouse,Sales,Husband,White,Male,0.00000,0.00000,59.73989,United-States,<=50K,<end>
225,<start>,27.94126,Private,27780,HS-grad,8.93521,Never-married,Sales,Own-child,White,Female,0.00000,1095.63316,39.64639,United-States,<=50K,<end>
226,<start>,46.87664,Private,199046,HS-grad,8.93521,Married-civ-spouse,Craft-repair,Husband,White,Male,0.00000,0.00000,39.64639,United-States,<=50K,<end>
227,<start>,32.94546,Private,213226,Masters,13.87377,Married-civ-spouse,Exec-managerial,Unmarried,White,Male,0.00000,0.00000,39.64639,United-States,>50K,<end>
228,<start>,45.96410,Private,114678,Bachelors,12.93582,Married-civ-spouse,Sales,Husband,White,Male,0.00000,0.00000,43.81604,United-States,>50K,<end>
229,<start>,40.77909,Private,113823,Masters,13.87377,Never-married,Sales,Not-in-family,White,Male,0.00000,0.00000,39.64639,United-States,<=50K,<end>
230,<start>,21.98945,?,339168,12th,7.92482,Married-civ-spouse,?,Husband,White,Male,0.00000,0.00000,39.64639,United-States,<=50K,<end>
231,<start>,19.42123,Private,178660,Assoc-voc,10.91349,Married-civ-spouse,Sales,Husband,White,Male,0.00000,0.00000,44.70118,United-States,<=50K,<end>
232,<start>,18.97427,Private,97189,HS-grad,8.93521,Never-married,Other-service,Unmarried,White,Female,0.00000,0.00000,39.64639,United-States,<=50K,<end>
233,<start>,45.96410,Private,116608,HS-grad,8.93521,Married-civ-spouse,Sales,Husband,White,Male,0.00000,0.00000,39.64639,United-States,<=50K,<end>
234,<start>,46.87664,Private,141511,Doctorate,15.95863,Married-civ-spouse,Prof-specialty,Husband,White,Male,0.00000,0.00000,59.73989,United-States,<=50K,<end>
235,<start>,30.87973,?,182191,HS-grad,8.93521,Never-married,?,Not-in-family,White,Female,0.00000,0.00000,34.81332,United-States,<=50K,<end>
236,<start>,27.94126,Local-gov,154863,HS-grad,8.93521,Married-civ-spouse,Prof-specialty,Husband,White,Male,0.00000,0.00000,39.64639,United-States,<=50K,<end>
237,<start>,21.98945,Private,234641,HS-grad,8.93521,Married-civ-spouse,Farming-fishing,Husband,Black,Male,0.00000,0.00000,39.64639,United-States,<=50K,<end>
238,<start>,45.96410,Private,129305,Bachelors,12.93582,Never-married,Other-service,Not-in-family,White,Male,0.00000,0.00000,47.94239,United-States,<=50K,<end>
239,<start>,27.94126,Local-gov,154863,Bachelors,12.93582,Never-married,Prof-specialty,Not-in-family,White,Male,0.00000,0.00000,39.64639,United-States,<=50K,<end>
240,<start>,40.77909,Local-gov,401134,HS-grad,8.93521,Divorced,Transport-moving,Unmarried,White,Female,0.00000,0.00000,39.64639,United-States,<=50K,<end>
241,<start>,21.87085,Private,311764,12th,7.92482,Married-civ-spouse,Exec-managerial,Wife,White,Male,0.00000,0.00000,34.81332,United-States,<=50K,<end>
242,<start>,40.77909,State-gov,277783,Masters,13.87377,Married-civ-spouse,Exec-managerial,Husband,White,Male,0.00000,1901.99987,42.94843,United-States,>50K,<end>
243,<start>,45.96410,Private,46786,Doctorate,15.95863,Married-civ-spouse,Prof-specialty,Husband,White,Male,0.00000,1153.22777,49.89895,United-States,>50K,<end>
244,<start>,22.95875,Private,204621,Assoc-voc,10.69739,Married-civ-spouse,Exec-managerial,Husband,White,Male,0.00000,0.00000,39.64639,United-States,<=50K,<end>
245,<start>,40.77909,Local-gov,401134,HS-grad,8.93521,Married-civ-spouse,Farming-fishing,Husband,White,Male,0.00000,0.00000,39.64639,United-States,<=50K,<end>
246,<start>,27.94126,Private,176137,Bachelors,12.93582,Never-married,Prof-specialty,Not-in-family,White,Female,0.00000,0.00000,39.64639,United-States,<=50K,<end>
247,<start>,27.94126,Private,176137,HS-grad,8.93521,Married-civ-spouse,Craft-repair,Husband,White,Male,0.00000,0.00000,26.57577,United-States,<=50K,<end>
248,<start>,65.89895,?,213149,Bachelors,12.93582,Married-civ-spouse,?,Husband,White,Male,0.00000,0.00000,43.81604,United-States,<=50K,<end>
249,<start>,22.95875,Private,74305,Bachelors,12.93582,Separated,Tech-support,Husband,White,Male,0.00000,0.00000,26.31134,United-States,<=50K,<end>
250,<start>,21.87085,Private,210932,Doctorate,10.69739,Married-civ-spouse,Craft-repair,Husband,White,Male,0.00000,0.00000,39.64639,United-States,>50K,<end>
251,<start>,48.13674,Private,141511,Doctorate,15.95863,Married-civ-spouse,Exec-managerial,Husband,White,Male,0.00000,0.00000,59.73989,United-States,>50K,<end>
252,<start>,27.94126,Private,134888,HS-grad,8.93521,Married-civ-spouse,Craft-repair,Husband,White,Male,0.00000,0.00000,39.64639,United-States,<=50K,<end>
253,<start>,45.96410,Local-gov,359193,Bachelors,12.93582,Married-civ-spouse,Prof-specialty,Husband,White,Male,0.00000,0.00000,24.77909,United-States,<=50K,<end>
254,<start>,26.91349,State-gov,23740,Doctorate,15.95863,Married-civ-spouse,Prof-specialty,Husband,White,Male,0.00000,0.00000,79.83803,United-States,<=50K,<end>
255,<start>,33.63702,Local-gov,229531,Bachelors,12.93582,Never-married,Prof-specialty,Not-in-family,White,Male,0.00000,0.00000,39.64639,United-States,<=50K,<end>
256,<start>,27.94126,Private,176137,HS-grad,8.93521,Never-married,Sales,Unmarried,White,Female,0.00000,0.00000,39.64639,United-States,<=50K,<end>
257,<start>,48.78595,Self-emp-not-inc,228729,Bachelors,12.93582,Married-civ-spouse,Sales,Husband,White,Male,0.00000,0.00000,39.64639,United-States,>50K,<end>
258,<start>,40.77909,Local-gov,277783,HS-grad,8.93521,Divorced,Farming-fishing,Unmarried,White,Male,0.00000,0.00000,35.87354,United-States,<=50K,<end>
259,<start>,28.93582,Private,192290,Bachelors,12.93582,Never-married,Prof-specialty,Not-in-family,White,Male,0.00000,0.00000,49.89895,United-States,<=50K,<end>
260,<start>,45.96410,Private,123053,Some-college,9.97418,Married-civ-spouse,Craft-repair,Husband,White,Male,0.00000,0.00000,49.89895,United-States,<=50K,<end>
261,<start>,21.98945,Private,234641,HS-grad,8.93521,Never-married,Handlers-cleaners,Own-child,White,Male,0.00000,0.00000,35.51659,United-States,<=50K,<end>
262,<start>,46.87664,Private,115070,Bachelors,12.93582,Married-civ-spouse,Prof-specialty,Husband,White,Male,0.00000,0.00000,24.77909,United-States,<=50K,<end>
263,<start>,18.97427,?,634226,10th,5.98945,Never-married,?,Own-child,White,Female,0.00000,0.00000,19.68782,United-States,<=50K,<end>
264,<start>,48.13674,Private,213226,Bachelors,12.93582,Married-civ-spouse,Prof-specialty,Husband,White,Male,0.00000,0.00000,39.64639,United-States,<=50K,<end>
265,<start>,40.77909,Local-gov,401134,Bachelors,12.93582,Divorced,Prof-specialty,Unmarried,White,Female,0.00000,0.00000,39.64639,United-States,<=50K,<end>
266,<start>,48.13674,?,52590,Bachelors,12.93582,Never-married,?,Not-in-family,White,Male,0.00001,0.00000,39.64639,United-States,<=50K,<end>
267,<start>,22.95875,Private,113823,Bachelors,12.93582,Married-civ-spouse,Exec-managerial,Husband,White,Male,0.00000,0.00000,44.70118,United-States,<=50K,<end>
268,<start>,18.97427,Private,66686,Bachelors,12.93582,Married-civ-spouse,Sales,Husband,White,Male,0.00000,0.00000,47.94239,United-States,<=50K,<end>
269,<start>,22.95875,Private,31606,Bachelors,12.93582,Married-civ-spouse,Exec-managerial,Husband,White,Male,0.00000,0.00000,39.64639,United-States,>50K,<end>
270,<start>,27.94126,Private,176137,HS-grad,8.93521,Married-civ-spouse,Craft-repair,Husband,White,Male,0.00000,0.00000,39.64639,United-States,<=50K,<end>
271,<start>,24.33114,Private,58343,Doctorate,15.95863,Married-civ-spouse,Exec-managerial,Husband,White,Male,0.00000,0.00000,39.64639,United-States,>50K,<end>
272,<start>,20.95303,Private,185251,HS-grad,8.93521,Divorced,Farming-fishing,Unmarried,White,Female,0.00000,0.00000,39.64639,United-States,<=50K,<end>
273,<start>,40.77909,?,277783,Bachelors,12.93582,Married-civ-spouse,?,Husband,White,Male,0.00000,0.00000,39.64639,United-States,>50K,<end>
274,<start>,53.71282,Private,173679,Bachelors,12.93582,Married-civ-spouse,Exec-managerial,Husband,White,Male,0.00000,0.00000,39.64639,United-States,>50K,<end>
275,<start>,31.95863,?,199046,Assoc-voc,10.91349,Married-civ-spouse,?,Husband,White,Male,0.00000,0.00000,2.66446,United-States,<=50K,<end>
276,<start>,48.13674,Private,336595,Bachelors,12.93582,Married-civ-spouse,Prof-specialty,Husband,White,Male,0.00000,1095.63316,24.77909,United-States,<=50K,<end>
277,<start>,21.98945,Private,234641,HS-grad,8.93521,Never-married,Handlers-cleaners,Not-in-family,Amer-Indian-Eskimo,Male,0.00000,0.00000,39.64639,United-States,<=50K,<end>
278,<start>,19.97490,Private,227491,Some-college,9.97418,Never-married,Craft-repair,Not-in-family,White,Male,0.00000,0.00000,39.64639,United-States,<=50K,<end>
279,<start>,27.94126,Private,188610,Bachelors,12.93582,Never-married,Prof-specialty,Not-in-family,White,Male,0.00000,1095.63316,26.31134,United-States,<=50K,<end>
280,<start>,41.27966,Private,220421,Bachelors,12.93582,Never-married,Sales,Not-in-family,White,Female,0.00000,0.00000,24.77909,United-States,<=50K,<end>
281,<start>,63.94239,Private,379062,7th-8th,3.97490,Divorced,Sales,Husband,White,Male,0.00000,0.00000,39.64639,United-States,<=50K,<end>
282,<start>,27.94126,Local-gov,154863,HS-grad,8.93521,Divorced,Craft-repair,Other-relative,White,Male,0.00000,0.00000,39.64639,United-States,<=50K,<end>
283,<start>,22.95875,Private,31606,HS-grad,8.93521,Never-married,Farming-fishing,Own-child,White,Male,0.00000,0.00000,39.64639,United-States,<=50K,<end>
284,<start>,48.78595,Private,111891,HS-grad,8.93521,Divorced,Craft-repair,Husband,Amer-Indian-Eskimo,Male,0.00000,0.00000,39.64639,United-States,<=50K,<end>
285,<start>,27.94126,?,126829,Some-college,9.97418,Divorced,?,Other-relative,White,Female,0.00000,0.00000,39.64639,United-States,<=50K,<end>
286,<start>,40.77909,Local-gov,401134,Bachelors,12.93582,Divorced,Prof-specialty,Not-in-family,White,Male,0.00000,0.00000,39.64639,United-States,<=50K,<end>
287,<start>,46.87664,Private,348771,Assoc-voc,9.97418,Divorced,Exec-managerial,Unmarried,White,Male,0.00000,0.00000,39.64639,United-States,<=50K,<end>
288,<start>,36.90524,?,46786,Bachelors,12.93582,Married-civ-spouse,?,Husband,White,Male,0.00000,0.00000,119.10435,United-States,<=50K,<end>
289,<start>,22.95875,Private,31606,HS-grad,8.93521,Never-married,Sales,Not-in-family,White,Female,0.00000,0.00000,39.64639,United-States,<=50K,<end>
290,<start>,47.81698,Local-gov,154863,HS-grad,8.93521,Separated,Exec-managerial,Other-relative,White,Male,0.00000,0.00000,43.81604,United-States,<=50K,<end>
291,<start>,27.94126,Local-gov,154863,HS-grad,8.93521,Separated,Protective-serv,Other-relative,White,Male,0.00000,0.00000,19.68782,United-States,<=50K,<end>
292,<start>,40.77909,Local-gov,401134,Bachelors,12.93582,Divorced,Prof-specialty,Not-in-family,White,Male,0.00000,0.00000,39.64639,United-States,<=50K,<end>
293,<start>,21.98945,?,77873,9th,4.95303,Never-married,?,Not-in-family,White,Male,0.00000,0.00000,24.53253,United-States,<=50K,<end>
294,<start>,41.79034,Local-gov,214143,Assoc-voc,7.92482,Married-civ-spouse,Exec-managerial,Husband,White,Male,0.00000,0.00000,54.59815,United-States,<=50K,<end>
295,<start>,26.69739,State-gov,346189,Doctorate,15.95863,Married-civ-spouse,Prof-specialty,Husband,White,Male,0.00000,0.00000,34.81332,United-States,>50K,<end>
296,<start>,21.98945,?,77873,Bachelors,12.93582,Married-civ-spouse,?,Husband,White,Male,0.00000,0.00000,59.73989,United-States,<=50K,<end>
297,<start>,28.93582,Private,242482,Doctorate,15.95863,Married-civ-spouse,Prof-specialty,Husband,White,Male,0.00000,0.00000,39.64639,United-States,>50K,<end>
298,<start>,63.94239,Private,379062,Bachelors,12.93582,Married-civ-spouse,Exec-managerial,Husband,White,Male,0.00000,0.00000,39.64639,United-States,>50K,<end>
299,<start>,34.91585,Private,313930,Bachelors,12.93582,Married-civ-spouse,Transport-moving,Husband,White,Male,0.00000,0.00000,26.31134,United-States,<=50K,<end>
300,<start>,27.94126,Private,176137,HS-grad,8.93521,Never-married,Other-service,Not-in-family,White,Female,0.00000,0.00000,35.51659,United-States,<=50K,<end>
301,<start>,45.96410,?,634226,10th,15.95863,Married-civ-spouse,?,Husband,Black,Male,0.00000,0.00000,35.87354,United-States,<=50K,<end>
302,<start>,27.94126,Private,324019,HS-grad,8.93521,Divorced,Other-service,Not-in-family,White,Male,0.00000,0.00000,39.64639,United-States,<=50K,<end>
303,<start>,19.97490,Self-emp-not-inc,191389,Bachelors,12.93582,Divorced,Exec-managerial,Unmarried,White,Female,0.00000,0.00000,24.77909,United-States,<=50K,<end>
304,<start>,19.97490,Private,227491,HS-grad,8.93521,Never-married,Craft-repair,Not-in-family,Black,Male,0.00000,0.00000,29.96410,United-States,<=50K,<end>
305,<start>,24.08492,Private,66686,Bachelors,12.93582,Never-married,Prof-specialty,Not-in-family,White,Female,0.00000,1095.63316,39.64639,United-States,<=50K,<end>
306,<start>,45.96410,Private,123053,Masters,13.87377,Divorced,Exec-managerial,Not-in-family,White,Male,0.00000,0.00000,39.64639,United-States,<=50K,<end>
307,<start>,17.99372,?,395567,11th,6.95875,Never-married,?,Own-child,White,Male,0.00000,0.00000,39.64639,United-States,<=50K,<end>
308,<start>,46.87664,Self-emp-not-inc,277783,HS-grad,8.93521,Married-civ-spouse,Farming-fishing,Husband,White,Male,0.00000,0.00000,59.73989,United-States,>50K,<end>
309,<start>,27.94126,Private,176137,Bachelors,12.93582,Married-civ-spouse,Sales,Husband,White,Male,0.00000,0.00000,35.87354,United-States,<=50K,<end>
310,<start>,46.87664,Private,141511,Doctorate,15.95863,Married-civ-spouse,Prof-specialty,Husband,White,Male,0.00000,1901.99987,59.73989,United-States,>50K,<end>
311,<start>,45.96410,Private,78104,Bachelors,12.93582,Married-civ-spouse,Exec-managerial,Husband,White,Male,0.00000,0.00000,59.14547,United-States,<=50K,<end>
312,<start>,46.87664,Private,116608,HS-grad,8.93521,Divorced,Farming-fishing,Not-in-family,Black,Male,0.00000,0.00000,39.64639,United-States,<=50K,<end>
313,<start>,21.98945,Private,66686,Assoc-voc,10.91349,Never-married,Other-service,Unmarried,White,Female,0.00000,0.00000,34.81332,United-States,<=50K,<end>
314,<start>,46.87664,Private,162945,Prof-school,14.87973,Married-civ-spouse,Prof-specialty,Husband,White,Male,0.00000,0.00000,59.73989,United-States,<=50K,<end>
315,<start>,27.94126,Private,176137,HS-grad,8.93521,Never-married,Sales,Not-in-family,White,Female,0.00000,0.00000,39.64639,United-States,<=50K,<end>
316,<start>,41.79034,Self-emp-not-inc,303044,Bachelors,12.93582,Married-civ-spouse,Exec-managerial,Husband,White,Male,0.00000,0.00000,58.55696,United-States,<=50K,<end>
317,<start>,47.81698,Private,185251,Bachelors,12.93582,Divorced,Exec-managerial,Unmarried,White,Male,0.00000,0.00000,59.14547,United-States,<=50K,<end>
318,<start>,45.96410,Private,285066,12th,7.92482,Divorced,Exec-managerial,Other-relative,White,Male,0.00000,0.00000,34.81332,United-States,<=50K,<end>
319,<start>,22.95875,Private,249385,7th-8th,3.97490,Married-civ-spouse,Transport-moving,Husband,White,Male,0.00000,0.00000,39.64639,United-States,<=50K,<end>
320,<start>,39.80748,Private,191544,HS-grad,8.93521,Divorced,Craft-repair,Not-in-family,White,Male,0.00000,0.00000,39.64639,United-States,<=50K,<end>
321,<start>,19.97490,Private,227491,HS-grad,8.93521,Divorced,Craft-repair,Unmarried,White,Female,0.00000,0.00000,39.64639,United-States,<=50K,<end>
322,<start>,20.95303,Private,185251,HS-grad,8.93521,Never-married,Handlers-cleaners,Not-in-family,White,Male,0.00000,0.00000,39.64639,United-States,<=50K,<end>
323,<start>,27.94126,Private,478315,Bachelors,12.93582,Married-civ-spouse,Prof-specialty,Husband,White,Male,0.00000,0.00000,43.81604,United-States,<=50K,<end>
324,<start>,46.87664,Private,141511,Doctorate,15.95863,Married-civ-spouse,Exec-managerial,Husband,White,Male,0.00000,1901.99987,49.89895,United-States,>50K,<end>
325,<start>,40.77909,Local-gov,401134,HS-grad,8.93521,Married-civ-spouse,Exec-managerial,Husband,White,Male,0.00000,0.00000,49.89895,United-States,<=50K,<end>
326,<start>,46.87664,Local-gov,321851,Bachelors,12.93582,Married-civ-spouse,Prof-specialty,Husband,White,Male,0.00000,0.00000,49.89895,United-States,<=50K,<end>
327,<start>,46.87664,Private,103179,Bachelors,12.93582,Never-married,Exec-managerial,Not-in-family,White,Male,0.00000,0.00000,24.77909,United-States,<=50K,<end>
328,<start>,26.91349,State-gov,23740,HS-grad,8.93521,Never-married,Sales,Not-in-family,Amer-Indian-Eskimo,Female,0.00000,0.00000,37.71282,United-States,<=50K,<end>
329,<start>,27.94126,Self-emp-not-inc,191389,HS-grad,8.16617,Never-married,Craft-repair,Not-in-family,White,Male,0.00000,0.00000,39.64639,United-States,<=50K,<end>
330,<start>,27.94126,Private,176137,Bachelors,12.93582,Never-married,Prof-specialty,Not-in-family,White,Male,0.00000,0.00000,47.94239,United-States,<=50K,<end>
331,<start>,46.87664,Private,224870,12th,7.92482,Married-civ-spouse,Sales,Husband,White,Male,0.00000,0.00000,34.81332,United-States,<=50K,<end>
332,<start>,45.96410,Local-gov,359193,Some-college,9.97418,Married-civ-spouse,Craft-repair,Husband,White,Male,0.00000,0.00000,39.64639,United-States,<=50K,<end>
333,<start>,27.94126,Private,176137,HS-grad,8.93521,Married-civ-spouse,Craft-repair,Husband,White,Male,0.00000,0.00000,39.64639,United-States,<=50K,<end>
334,<start>,18.97427,Private,97189,HS-grad,8.93521,Married-civ-spouse,Sales,Husband,White,Female,0.00000,0.00000,35.87354,United-States,<=50K,<end>
335,<start>,46.87664,Private,131608,HS-grad,8.93521,Divorced,Craft-repair,Not-in-family,White,Female,0.00000,0.00000,39.64639,United-States,<=50K,<end>
336,<start>,22.95875,Private,212370,HS-grad,8.93521,Never-married,Sales,Not-in-family,White,Female,0.00000,0.00000,39.64639,United-States,<=50K,<end>
337,<start>,42.84286,Self-emp-not-inc,113211,Bachelors,12.93582,Divorced,Exec-managerial,Not-in-family,White,Male,0.00000,0.00000,39.64639,United-States,>50K,<end>
338,<start>,27.94126,Private,176137,HS-grad,8.93521,Divorced,Other-service,Unmarried,White,Female,0.00000,0.00000,39.64639,United-States,<=50K,<end>
339,<start>,22.95875,?,148751,Bachelors,12.93582,Never-married,?,Not-in-family,White,Male,0.00000,0.00000,39.64639,United-States,<=50K,<end>
340,<start>,21.98945,Private,234641,Bachelors,12.93582,Married-civ-spouse,Exec-managerial,Unmarried,White,Male,0.00000,0.00000,24.77909,United-States,<=50K,<end>
341,<start>,46.87664,Private,212143,Bachelors,12.93582,Married-civ-spouse,Sales,Husband,White,Male,0.00000,0.00000,43.81604,United-States,<=50K,<end>
342,<start>,45.96410,Local-gov,359193,Some-college,9.97418,Divorced,Sales,Unmarried,White,Female,0.00000,0.00000,47.94239,United-States,<=50K,<end>
343,<start>,38.87398,Private,46786,Masters,13.87377,Never-married,Sales,Not-in-family,White,Male,0.00000,0.00000,34.81332,United-States,<=50K,<end>
344,<start>,22.95875,Private,370160,Some-college,9.97418,Never-married,Machine-op-inspct,Own-child,White,Male,0.00000,0.00000,39.64639,United-States,<=50K,<end>
345,<start>,31.95863,?,199046,Assoc-voc,10.91349,Separated,?,Not-in-family,White,Male,0.00000,0.00000,2.01375,United-States,<=50K,<end>
346,<start>,26.91349,State-gov,23740,Doctorate,15.95863,Married-civ-spouse,Prof-specialty,Husband,White,Male,0.00000,0.00000,39.64639,United-States,>50K,<end>
347,<start>,21.98945,Private,234641,11th,6.95875,Never-married,Handlers-cleaners,Own-child,White,Male,0.00000,0.00000,39.64639,United-States,<=50K,<end>
348,<start>,32.94546,Private,213226,Bachelors,12.93582,Married-civ-spouse,Adm-clerical,Husband,White,Male,0.00000,1095.63316,44.70118,United-States,<=50K,<end>
349,<start>,39.80748,Private,308027,Doctorate,15.95863,Married-civ-spouse,Prof-specialty,Husband,White,Male,0.00000,0.00000,49.89895,United-States,>50K,<end>
350,<start>,48.13674,Private,247115,Bachelors,12.93582,Married-civ-spouse,Sales,Husband,White,Male,0.00000,0.00000,47.94239,United-States,>50K,<end>
351,<start>,27.94126,Private,275653,Bachelors,12.93582,Married-civ-spouse,Prof-specialty,Husband,White,Male,0.00000,1095.63316,39.64639,United-States,>50K,<end>
352,<start>,59.38006,Private,311764,Doctorate,15.95863,Married-civ-spouse,Exec-managerial,Husband,White,Male,0.00000,0.00000,49.89895,United-States,>50K,<end>
353,<start>,27.94126,Local-gov,154863,HS-grad,8.93521,Never-married,Protective-serv,Other-relative,Black,Male,0.00000,1207.85632,19.68782,United-States,<=50K,<end>
354,<start>,21.98945,Private,234641,Some-college,9.97418,Married-civ-spouse,Farming-fishing,Husband,White,Male,0.00000,0.00000,35.87354,United-States,<=50K,<end>
355,<start>,45.96410,?,634226,Masters,13.87377,Divorced,?,Not-in-family,White,Male,0.00000,0.00000,29.96410,United-States,<=50K,<end>
356,<start>,59.81604,Private,33109,Some-college,9.97418,Married-civ-spouse,Craft-repair,Husband,White,Male,0.00000,0.00000,39.64639,United-States,<=50K,<end>
357,<start>,31.95863,Self-emp-not-inc,311764,Assoc-voc,10.91349,Married-civ-spouse,Craft-repair,Husband,Black,Male,0.00000,0.00000,35.87354,United-States,<=50K,<end>
358,<start>,40.77909,Local-gov,401134,Assoc-voc,10.91349,Divorced,Exec-managerial,Unmarried,White,Female,0.00000,0.00000,39.64639,United-States,<=50K,<end>
359,<start>,44.78919,Private,243871,Some-college,9.97418,Married-civ-spouse,Craft-repair,Husband,White,Male,0.00000,0.00000,35.87354,United-States,<=50K,<end>
360,<start>,32.94546,Private,213226,HS-grad,8.93521,Never-married,Craft-repair,Not-in-family,White,Male,0.00000,0.00000,39.64639,United-States,<=50K,<end>
361,<start>,36.90524,Local-gov,117618,Bachelors,12.93582,Married-civ-spouse,Prof-specialty,Husband,White,Male,0.00000,0.00000,58.55696,United-States,<=50K,<end>
362,<start>,48.13674,Private,302945,Some-college,9.97418,Married-civ-spouse,Craft-repair,Husband,White,Male,0.00000,0.00000,39.64639,United-States,<=50K,<end>
363,<start>,22.61937,Private,176514,Some-college,9.97418,Married-civ-spouse,Exec-managerial,Husband,White,Male,0.00000,0.00000,35.87354,United-States,<=50K,<end>
364,<start>,26.91349,Private,139903,Bachelors,12.93582,Never-married,Craft-repair,Not-in-family,White,Male,0.00000,1095.63316,39.64639,United-States,<=50K,<end>
365,<start>,45.96410,Local-gov,359193,Some-college,9.97418,Divorced,Exec-managerial,Unmarried,White,Male,0.00000,0.00000,44.70118,United-States,<=50K,<end>
366,<start>,40.77909,Local-gov,117618,HS-grad,8.93521,Never-married,Craft-repair,Not-in-family,Amer-Indian-Eskimo,Male,0.00000,0.00000,43.81604,United-States,<=50K,<end>
367,<start>,22.95875,?,148751,Bachelors,12.93582,Married-civ-spouse,?,Husband,White,Male,0.00000,0.00000,35.87354,United-States,<=50K,<end>
368,<start>,22.95875,Private,334741,Bachelors,12.93582,Never-married,Craft-repair,Not-in-family,White,Male,0.00000,0.00000,39.64639,United-States,<=50K,<end>
369,<start>,19.97490,Private,227491,Bachelors,12.93582,Never-married,Sales,Not-in-family,White,Female,0.00000,0.00000,24.77909,United-States,<=50K,<end>
370,<start>,60.70118,?,30475,7th-8th,3.97490,Married-civ-spouse,?,Husband,White,Male,0.00000,0.00000,39.64639,United-States,<=50K,<end>
371,<start>,34.91585,Private,204621,Bachelors,12.93582,Married-civ-spouse,Other-service,Husband,White,Male,0.00000,1095.63316,43.81604,United-States,>50K,<end>
372,<start>,48.78595,Private,52590,HS-grad,8.93521,Married-civ-spouse,Craft-repair,Husband,White,Male,0.00000,0.00000,39.64639,United-States,>50K,<end>
373,<start>,35.88568,Private,460437,HS-grad,8.93521,Divorced,Sales,Not-in-family,White,Female,0.00000,1095.63316,35.51659,United-States,<=50K,<end>
374,<start>,53.71282,Private,311764,HS-grad,8.93521,Married-civ-spouse,Craft-repair,Husband,White,Male,0.00000,0.00000,19.88568,United-States,<=50K,<end>
375,<start>,63.94239,?,193043,HS-grad,8.93521,Married-civ-spouse,?,Husband,White,Male,0.00000,0.00000,19.68782,United-States,<=50K,<end>
376,<start>,45.96410,Private,205338,Masters,13.87377,Divorced,Sales,Not-in-family,White,Male,0.00000,0.00000,39.64639,United-States,<=50K,<end>
377,<start>,46.87664,Private,224870,HS-grad,8.93521,Divorced,Craft-repair,Other-relative,Other,Male,0.00000,0.00000,47.94239,Ecuador,<=50K,<end>
378,<start>,45.96410,Private,98779,HS-grad,8.93521,Married-civ-spouse,Sales,Husband,White,Male,0.00000,0.00000,39.64639,United-States,<=50K,<end>
379,<start>,31.95863,Private,311764,Assoc-voc,10.91349,Married-civ-spouse,Transport-moving,Husband,White,Male,0.00000,0.00000,39.64639,Greece,<=50K,<end>
380,<start>,20.39295,Private,176137,Bachelors,12.93582,Never-married,Sales,Own-child,White,Male,0.00000,0.00000,39.64639,United-States,<=50K,<end>
381,<start>,44.78919,Private,311671,7th-8th,3.97490,Divorced,Sales,Unmarried,White,Male,0.00000,0.00000,47.94239,United-States,<=50K,<end>
382,<start>,27.94126,Private,176137,HS-grad,8.93521,Married-civ-spouse,Farming-fishing,Husband,White,Male,0.00000,0.00000,39.64639,United-States,<=50K,<end>
383,<start>,20.95303,Private,185251,Masters,13.87377,Married-civ-spouse,Exec-managerial,Other-relative,White,Male,0.00000,0.00000,39.64639,United-States,>50K,<end>
384,<start>,51.87354,Private,221936,Bachelors,12.93582,Married-civ-spouse,Exec-managerial,Husband,White,Male,0.00000,0.00000,47.94239,United-States,>50K,<end>
385,<start>,26.91349,Private,139903,HS-grad,8.93521,Divorced,Sales,Unmarried,White,Male,0.00000,0.00000,39.64639,United-States,<=50K,<end>
386,<start>,26.91349,Private,135803,HS-grad,8.93521,Never-married,Craft-repair,Not-in-family,White,Male,0.00000,0.00000,35.87354,United-States,<=50K,<end>
387,<start>,27.94126,Private,144361,Bachelors,12.93582,Never-married,Prof-specialty,Not-in-family,White,Female,0.00000,0.00000,24.77909,United-States,<=50K,<end>
388,<start>,38.87398,Private,206520,Doctorate,15.95863,Married-civ-spouse,Prof-specialty,Husband,White,Male,0.00000,0.00000,49.89895,United-States,<=50K,<end>
389,<start>,46.87664,Private,445940,Some-college,9.97418,Divorced,Craft-repair,Unmarried,White,Male,0.00000,0.00000,39.64639,United-States,<=50K,<end>
390,<start>,45.96410,Private,178686,HS-grad,8.93521,Married-civ-spouse,Exec-managerial,Husband,White,Male,0.00000,0.00000,35.87354,United-States,<=50K,<end>
391,<start>,26.91349,State-gov,23740,HS-grad,8.93521,Never-married,Transport-moving,Not-in-family,Amer-Indian-Eskimo,Male,0.00000,0.00000,37.71282,United-States,<=50K,<end>
392,<start>,52.96605,Private,134854,Assoc-voc,10.91349,Married-civ-spouse,Exec-managerial,Husband,White,Male,0.00000,0.00000,39.64639,Greece,<=50K,<end>
393,<start>,34.91585,?,200426,5th-6th,2.97427,Married-civ-spouse,?,Own-child,White,Male,0.00000,0.00000,39.64639,United-States,<=50K,<end>
394,<start>,20.95303,Private,185251,HS-grad,8.84631,Never-married,Sales,Own-child,White,Female,0.00000,0.00000,39.64639,United-States,<=50K,<end>
395,<start>,27.94126,?,86318,HS-grad,8.93521,Never-married,?,Not-in-family,White,Female,0.00000,0.00000,39.64639,United-States,<=50K,<end>
396,<start>,39.10387,Private,295922,HS-grad,8.93521,Married-civ-spouse,Sales,Husband,White,Male,0.00000,0.00000,39.64639,United-States,<=50K,<end>
397,<start>,45.96410,Private,336540,HS-grad,8.93521,Divorced,Sales,Not-in-family,White,Male,0.00000,0.00000,39.64639,United-States,<=50K,<end>
398,<start>,21.98945,Private,185251,HS-grad,8.93521,Divorced,Sales,Not-in-family,White,Male,0.00000,0.00000,43.81604,United-States,<=50K,<end>
399,<start>,62.99306,?,334741,Bachelors,12.93582,Married-civ-spouse,?,Husband,Amer-Indian-Eskimo,Male,0.00000,0.00000,119.10435,United-States,>50K,<end>
400,<start>,39.80748,Private,223400,Bachelors,12.93582,Married-civ-spouse,Tech-support,Husband,White,Male,0.00000,0.00000,39.64639,United-States,<=50K,<end>
401,<start>,20.95303,Private,185251,Assoc-voc,10.91349,Never-married,Craft-repair,Not-in-family,White,Male,0.00000,0.00000,39.64639,United-States,<=50K,<end>
402,<start>,40.77909,Local-gov,401134,Bachelors,12.93582,Married-civ-spouse,Prof-specialty,Husband,White,Male,0.00000,0.00000,59.14547,United-States,>50K,<end>
403,<start>,63.94239,Private,379062,Doctorate,10.69739,Married-civ-spouse,Prof-specialty,Husband,White,Male,0.00000,0.00000,49.89895,United-States,<=50K,<end>
404,<start>,48.13674,Private,66686,HS-grad,8.93521,Married-civ-spouse,Prof-specialty,Husband,White,Male,0.00000,0.00000,39.64639,United-States,<=50K,<end>
405,<start>,53.71282,Local-gov,321851,HS-grad,8.93521,Never-married,Craft-repair,Not-in-family,White,Male,0.00000,0.00000,39.64639,United-States,<=50K,<end>
406,<start>,48.78595,Private,31606,HS-grad,8.93521,Divorced,Craft-repair,Not-in-family,White,Female,0.00000,0.00000,39.64639,United-States,<=50K,<end>
407,<start>,23.92482,Self-emp-not-inc,132636,Bachelors,12.93582,Married-civ-spouse,Prof-specialty,Husband,White,Male,0.00000,0.00000,39.64639,United-States,>50K,<end>
408,<start>,18.80107,State-gov,103179,Bachelors,12.93582,Married-civ-spouse,Exec-managerial,Husband,White,Male,0.00000,0.00000,47.94239,United-States,>50K,<end>
409,<start>,25.87494,Private,91275,HS-grad,8.93521,Divorced,Exec-managerial,Not-in-family,White,Male,0.00000,0.00000,39.64639,United-States,<=50K,<end>
410,<start>,21.98945,Private,234641,HS-grad,8.93521,Never-married,Other-service,Not-in-family,White,Female,0.00000,0.00000,39.64639,United-States,<=50K,<end>
411,<start>,40.77909,Local-gov,401134,HS-grad,8.93521,Married-civ-spouse,Transport-moving,Husband,White,Male,0.00000,0.00000,39.64639,United-States,>50K,<end>
412,<start>,22.95875,Private,477983,Bachelors,12.93582,Married-civ-spouse,Sales,Husband,White,Male,0.00000,0.00000,59.73989,United-States,>50K,<end>
413,<start>,21.87085,?,311764,7th-8th,3.97490,Never-married,?,Not-in-family,White,Female,0.00000,0.00000,39.64639,United-States,<=50K,<end>
414,<start>,21.87085,Private,175183,Bachelors,12.93582,Married-civ-spouse,Sales,Not-in-family,White,Male,0.00000,0.00000,47.94239,United-States,>50K,<end>
415,<start>,27.94126,Private,176137,HS-grad,8.93521,Never-married,Sales,Not-in-family,White,Female,0.00000,0.00000,39.64639,United-States,<=50K,<end>
416,<start>,30.87973,Private,452405,Preschool,1.00000,Never-married,Farming-fishing,Not-in-family,White,Male,0.00000,0.00000,34.12397,Mexico,<=50K,<end>
417,<start>,46.87664,Private,149833,Bachelors,12.93582,Married-civ-spouse,Exec-managerial,Husband,White,Male,0.00000,0.00000,47.94239,United-States,>50K,<end>
418,<start>,27.94126,Private,176137,Bachelors,12.93582,Never-married,Prof-specialty,Not-in-family,White,Female,0.00000,0.00000,24.77909,United-States,<=50K,<end>
419,<start>,34.91585,Private,204621,HS-grad,8.93521,Divorced,Other-service,Not-in-family,White,Female,0.00000,0.00000,39.64639,United-States,<=50K,<end>
420,<start>,48.13674,Private,211585,Bachelors,12.93582,Married-civ-spouse,Sales,Husband,White,Male,0.00000,0.00000,49.89895,United-States,<=50K,<end>
421,<start>,19.12677,Private,185732,Bachelors,12.93582,Never-married,Sales,Unmarried,White,Male,0.00000,0.00000,43.81604,United-States,<=50K,<end>
422,<start>,26.91349,?,300528,HS-grad,8.93521,Married-civ-spouse,?,Husband,White,Male,0.00000,0.00000,35.87354,United-States,>50K,<end>
423,<start>,19.97490,?,312427,10th,7.31553,Married-civ-spouse,?,Husband,White,Male,0.00000,0.00000,16.11902,United-States,<=50K,<end>
424,<start>,21.98945,Private,234641,HS-grad,8.93521,Never-married,Other-service,Unmarried,White,Female,0.00000,0.00000,34.81332,United-States,<=50K,<end>
425,<start>,21.87085,?,77873,Bachelors,12.93582,Married-civ-spouse,?,Husband,White,Male,0.00001,0.00000,39.64639,United-States,<=50K,<end>
426,<start>,48.13674,Private,62374,HS-grad,8.93521,Married-civ-spouse,Exec-managerial,Husband,White,Male,0.00000,0.00000,39.64639,United-States,<=50K,<end>
427,<start>,27.94126,Local-gov,154863,HS-grad,8.93521,Never-married,Protective-serv,Other-relative,White,Male,0.00000,0.00000,39.64639,United-States,<=50K,<end>
428,<start>,20.95303,Private,185251,Some-college,9.97418,Never-married,Sales,Own-child,White,Male,0.00000,0.00000,39.64639,United-States,<=50K,<end>
429,<start>,21.98945,Private,234641,HS-grad,8.93521,Married-civ-spouse,Handlers-cleaners,Husband,White,Male,0.00000,0.00000,39.64639,United-States,<=50K,<end>
430,<start>,22.95875,Private,223212,HS-grad,8.93521,Never-married,Sales,Not-in-family,White,Female,0.00000,0.00000,39.64639,United-States,<=50K,<end>
431,<start>,36.90524,?,321851,Bachelors,12.93582,Married-civ-spouse,?,Husband,White,Male,0.00001,0.00000,41.67911,United-States,<=50K,<end>
432,<start>,41.79034,Private,224870,Bachelors,12.93582,Married-civ-spouse,Transport-moving,Husband,White,Male,0.00000,0.00000,39.64639,Ecuador,>50K,<end>
433,<start>,51.87354,Private,221936,Doctorate,9.97418,Divorced,Exec-managerial,Not-in-family,White,Female,0.00000,0.00000,39.64639,United-States,<=50K,<end>
434,<start>,51.87354,Private,221936,HS-grad,8.93521,Divorced,Exec-managerial,Not-in-family,White,Male,0.00000,0.00000,39.64639,United-States,<=50K,<end>
435,<start>,21.98945,Private,234641,Some-college,9.97418,Never-married,Craft-repair,Not-in-family,White,Male,0.00000,0.00000,34.81332,United-States,<=50K,<end>
436,<start>,31.95863,Private,311764,Bachelors,12.93582,Never-married,Sales,Not-in-family,Black,Male,0.00000,1095.63316,34.81332,United-States,<=50K,<end>
437,<start>,48.13674,?,52590,HS-grad,8.93521,Married-civ-spouse,?,Husband,White,Male,0.00000,0.00000,49.89895,United-States,<=50K,<end>
438,<start>,45.96410,Self-emp-inc,185251,Masters,13.87377,Divorced,Sales,Not-in-family,White,Male,0.00000,0.00000,117.91924,United-States,<=50K,<end>
439,<start>,47.81698,?,52590,Bachelors,12.93582,Married-civ-spouse,?,Husband,White,Male,0.00000,0.00000,39.64639,United-States,<=50K,<end>
440,<start>,26.91349,State-gov,23740,Bachelors,12.93582,Separated,Prof-specialty,Not-in-family,Amer-Indian-Eskimo,Male,0.00000,0.00000,49.89895,United-States,<=50K,<end>
441,<start>,52.96605,Private,134854,Bachelors,12.93582,Married-civ-spouse,Exec-managerial,Husband,White,Male,0.00000,0.00000,49.89895,United-States,>50K,<end>
442,<start>,59.81604,?,171598,HS-grad,8.93521,Married-civ-spouse,?,Husband,White,Male,0.00000,0.00000,39.64639,United-States,<=50K,<end>
443,<start>,22.95875,Private,31606,Bachelors,12.93582,Never-married,Sales,Own-child,White,Male,0.00000,0.00000,39.64639,United-States,<=50K,<end>
444,<start>,44.78919,Self-emp-inc,311671,HS-grad,8.93521,Married-civ-spouse,Sales,Husband,White,Male,0.00000,0.00000,39.64639,United-States,<=50K,<end>
445,<start>,42.31134,Private,55237,Doctorate,16.11902,Married-civ-spouse,Exec-managerial,Husband,White,Male,0.00000,0.00000,54.59815,United-States,<=50K,<end>
446,<start>,44.78919,Private,184823,7th-8th,3.97490,Divorced,Craft-repair,Not-in-family,White,Male,0.00000,0.00000,24.77909,United-States,<=50K,<end>
447,<start>,27.94126,Private,176137,HS-grad,8.93521,Divorced,Craft-repair,Not-in-family,White,Male,0.00000,0.00000,39.64639,United-States,<=50K,<end>
448,<start>,40.77909,Private,113823,Bachelors,12.93582,Married-civ-spouse,Prof-specialty,Husband,White,Male,0.00000,0.00000,47.94239,United-States,>50K,<end>
449,<start>,22.95875,Private,31606,Bachelors,12.93582,Never-married,Prof-specialty,Not-in-family,White,Female,0.00000,0.00000,26.31134,United-States,<=50K,<end>
450,<start>,46.87664,Private,224870,HS-grad,8.93521,Married-civ-spouse,Craft-repair,Husband,Asian-Pac-Islander,Male,0.00000,0.00000,39.64639,Philippines,<=50K,<end>
451,<start>,24.93521,Private,139391,HS-grad,8.93521,Divorced,Craft-repair,Not-in-family,White,Male,0.00000,0.00000,39.64639,United-States,<=50K,<end>
452,<start>,27.94126,Private,102884,Bachelors,12.93582,Never-married,Exec-managerial,Own-child,White,Male,0.00000,0.00000,39.64639,United-States,<=50K,<end>
453,<start>,36.69723,State-gov,103179,Doctorate,15.95863,Married-civ-spouse,Prof-specialty,Husband,White,Male,0.00000,0.00000,59.73989,United-States,>50K,<end>
454,<start>,27.94126,Self-emp-not-inc,191389,Assoc-acdm,11.02318,Married-civ-spouse,Craft-repair,Husband,White,Male,0.00000,1976.99998,39.64639,United-States,<=50K,<end>
455,<start>,47.18696,Private,224870,HS-grad,8.93521,Divorced,Craft-repair,Not-in-family,White,Male,0.00000,0.00000,39.64639,United-States,<=50K,<end>
456,<start>,41.79034,Private,111567,Bachelors,12.93582,Married-civ-spouse,Prof-specialty,Husband,White,Male,0.00000,0.00000,49.89895,United-States,<=50K,<end>
457,<start>,36.90524,Local-gov,321851,Bachelors,12.93582,Married-civ-spouse,Exec-managerial,Husband,White,Male,0.00000,0.00000,59.73989,United-States,<=50K,<end>
458,<start>,20.39295,Private,185251,Some-college,9.97418,Never-married,Craft-repair,Own-child,White,Male,0.00000,0.00000,33.11545,United-States,<=50K,<end>
459,<start>,22.95875,Private,31606,Bachelors,12.93582,Never-married,Sales,Not-in-family,White,Male,0.00000,0.00000,24.77909,United-States,<=50K,<end>
460,<start>,52.59823,Private,210932,HS-grad,8.93521,Married-civ-spouse,Sales,Husband,White,Male,0.00000,0.00000,39.64639,United-States,<=50K,<end>
461,<start>,27.94126,Private,152878,Bachelors,12.93582,Never-married,Sales,Not-in-family,White,Male,1611.56104,0.00000,59.73989,United-States,<=50K,<end>
462,<start>,46.87664,Private,162945,Prof-school,14.87973,Never-married,Craft-repair,Not-in-family,White,Female,0.00000,0.00000,34.81332,United-States,<=50K,<end>
463,<start>,22.95875,Private,209752,Bachelors,12.93582,Never-married,Adm-clerical,Not-in-family,White,Male,0.00000,0.00000,39.64639,United-States,<=50K,<end>
464,<start>,46.87664,Private,55237,Doctorate,15.95863,Married-civ-spouse,Exec-managerial,Husband,White,Male,0.00000,0.00000,59.73989,United-States,>50K,<end>
465,<start>,27.94126,Private,176137,HS-grad,8.93521,Never-married,Adm-clerical,Not-in-family,White,Female,0.00000,0.00000,39.64639,United-States,<=50K,<end>
466,<start>,31.95863,State-gov,71151,Bachelors,12.93582,Married-civ-spouse,Prof-specialty,Husband,White,Male,0.00000,1959.66896,49.89895,United-States,<=50K,<end>
467,<start>,32.94546,State-gov,213226,Doctorate,15.95863,Married-civ-spouse,Prof-specialty,Husband,White,Male,0.00000,0.00000,49.89895,United-States,<=50K,<end>
468,<start>,46.87664,Local-gov,321851,Bachelors,12.93582,Separated,Prof-specialty,Not-in-family,White,Female,0.00000,0.00000,72.24044,United-States,<=50K,<end>
469,<start>,18.97427,Local-gov,276973,Bachelors,12.93582,Married-civ-spouse,Sales,Husband,White,Male,0.00000,0.00000,39.64639,United-States,<=50K,<end>
470,<start>,66.90698,?,367695,12th,7.92482,Married-civ-spouse,?,Husband,White,Male,0.00000,0.00000,39.64639,United-States,<=50K,<end>
471,<start>,18.97427,?,634226,HS-grad,8.93521,Never-married,?,Own-child,White,Female,0.00000,0.00000,39.64639,United-States,<=50K,<end>
472,<start>,53.71282,Private,163205,Masters,13.87377,Married-civ-spouse,Exec-managerial,Husband,White,Male,0.00000,0.00000,39.64639,United-States,>50K,<end>
473,<start>,48.78595,Private,185385,HS-grad,8.93521,Divorced,Craft-repair,Not-in-family,Amer-Indian-Eskimo,Male,0.00000,0.00000,39.64639,United-States,<=50K,<end>
474,<start>,20.39295,Local-gov,117618,Bachelors,12.93582,Married-civ-spouse,Prof-specialty,Not-in-family,White,Male,0.00000,0.00000,39.64639,United-States,<=50K,<end>
475,<start>,27.94126,Private,176137,HS-grad,8.93521,Never-married,Other-service,Not-in-family,White,Female,0.00000,0.00000,34.81332,United-States,<=50K,<end>
476,<start>,39.80748,Private,300528,Doctorate,15.95863,Married-civ-spouse,Prof-specialty,Husband,White,Male,0.00000,0.00000,39.64639,United-States,<=50K,<end>
477,<start>,45.96410,Self-emp-inc,61040,Masters,13.87377,Married-civ-spouse,Sales,Husband,White,Male,0.00000,1901.99987,59.73989,United-States,>50K,<end>
478,<start>,27.94126,Local-gov,154863,HS-grad,8.93521,Married-civ-spouse,Tech-support,Husband,White,Male,0.00000,0.00000,44.70118,United-States,<=50K,<end>
479,<start>,65.89895,State-gov,162945,Prof-school,14.87973,Married-civ-spouse,Exec-managerial,Not-in-family,White,Female,0.00000,0.00000,39.64639,United-States,<=50K,<end>
480,<start>,27.94126,Private,189203,HS-grad,8.93521,Never-married,Craft-repair,Not-in-family,White,Male,0.00000,0.00000,39.64639,United-States,<=50K,<end>
481,<start>,19.97490,?,197429,HS-grad,8.93521,Never-married,?,Not-in-family,White,Female,0.00000,0.00000,39.64639,United-States,<=50K,<end>
482,<start>,46.87664,Private,224870,HS-grad,8.93521,Married-civ-spouse,Machine-op-inspct,Husband,White,Male,0.00000,0.00000,39.64639,United-States,<=50K,<end>
483,<start>,27.94126,Private,176137,HS-grad,8.93521,Married-civ-spouse,Transport-moving,Husband,White,Male,0.00000,0.00000,39.64639,United-States,<=50K,<end>
484,<start>,22.95875,Private,185251,Bachelors,12.93582,Never-married,Sales,Own-child,White,Male,0.00000,0.00000,58.55696,United-States,<=50K,<end>
485,<start>,39.80748,?,224870,HS-grad,8.93521,Divorced,?,Other-relative,Other,Female,0.00000,0.00000,39.64639,Ecuador,<=50K,<end>
486,<start>,33.99331,?,78104,Bachelors,12.93582,Married-civ-spouse,?,Husband,White,Male,0.00001,0.00000,48.42422,United-States,<=50K,<end>
487,<start>,45.96410,Private,115176,12th,7.92482,Divorced,Exec-managerial,Other-relative,White,Male,0.00000,0.00000,39.64639,United-States,<=50K,<end>
488,<start>,45.96410,Private,144361,HS-grad,8.93521,Married-civ-spouse,Exec-managerial,Husband,White,Male,0.00000,0.00000,49.89895,United-States,<=50K,<end>
489,<start>,48.78595,Private,112310,Doctorate,10.69739,Married-civ-spouse,Exec-managerial,Husband,White,Male,0.00000,0.00000,44.70118,United-States,<=50K,<end>
490,<start>,34.91585,Private,204621,Bachelors,12.93582,Never-married,Prof-specialty,Not-in-family,White,Male,0.00000,0.00000,71.52164,United-States,<=50K,<end>
491,<start>,25.97418,Private,46786,Bachelors,12.93582,Married-civ-spouse,Tech-support,Husband,White,Male,0.00000,0.00000,43.81604,United-States,<=50K,<end>
492,<start>,37.54190,State-gov,103179,Doctorate,15.95863,Married-civ-spouse,Prof-specialty,Husband,White,Male,0.00000,1901.99987,49.89895,United-States,>50K,<end>
493,<start>,41.79034,Local-gov,214143,Bachelors,12.93582,Divorced,Exec-managerial,Unmarried,White,Male,0.00000,0.00000,47.94239,United-States,>50K,<end>
494,<start>,34.91585,Private,204621,HS-grad,8.93521,Divorced,Other-service,Husband,White,Male,0.00000,0.00000,35.87354,United-States,<=50K,<end>
495,<start>,22.95875,Private,31606,HS-grad,8.93521,Divorced,Adm-clerical,Not-in-family,White,Female,0.00000,0.00000,34.81332,United-States,<=50K,<end>
496,<start>,45.96410,Private,121993,Bachelors,12.93582,Divorced,Sales,Not-in-family,White,Female,0.00000,0.00000,24.77909,United-States,<=50K,<end>
497,<start>,20.39295,State-gov,207120,Bachelors,12.93582,Never-married,Prof-specialty,Not-in-family,White,Female,0.00000,0.00000,24.77909,United-States,<=50K,<end>
498,<start>,41.79034,Local-gov,214143,Bachelors,12.93582,Never-married,Handlers-cleaners,Not-in-family,White,Male,0.00000,0.00000,49.89895,United-States,<=50K,<end>
499,<start>,40.77909,Local-gov,401134,Bachelors,12.93582,Divorced,Exec-managerial,Unmarried,White,Male,0.00000,0.00000,59.73989,United-States,>50K,<end>
500,<start>,40.77909,Private,113823,Masters,13.87377,Married-civ-spouse,Exec-managerial,Husband,White,Male,0.00000,0.00000,49.89895,United-States,<=50K,<end>
501,<start>,19.97490,?,227491,HS-grad,8.93521,Never-married,?,Unmarried,White,Female,0.00000,0.00000,39.64639,United-States,<=50K,<end>
502,<start>,23.92482,State-gov,71151,Bachelors,12.93582,Never-married,Adm-clerical,Not-in-family,White,Male,0.00000,0.00000,39.64639,United-States,<=50K,<end>
503,<start>,40.77909,Private,113823,Masters,13.87377,Divorced,Exec-managerial,Unmarried,White,Male,0.00000,0.00000,39.64639,United-States,<=50K,<end>
504,<start>,27.94126,Private,184378,HS-grad,8.93521,Divorced,Craft-repair,Not-in-family,White,Male,0.00000,0.00000,39.64639,United-States,<=50K,<end>
505,<start>,27.94126,Private,215955,HS-grad,8.93521,Never-married,Craft-repair,Not-in-family,Amer-Indian-Eskimo,Male,0.00000,0.00000,39.64639,United-States,<=50K,<end>
506,<start>,27.94126,Private,176137,HS-grad,8.93521,Married-civ-spouse,Adm-clerical,Other-relative,White,Female,0.00000,0.00000,35.87354,United-States,<=50K,<end>
507,<start>,23.92482,State-gov,211585,Some-college,9.97418,Divorced,Sales,Unmarried,White,Female,0.00000,0.00000,34.81332,United-States,<=50K,<end>
508,<start>,27.94126,Private,176137,Bachelors,12.93582,Married-civ-spouse,Prof-specialty,Husband,White,Male,0.00000,0.00000,39.64639,United-States,<=50K,<end>
509,<start>,27.94126,Local-gov,154863,HS-grad,8.93521,Married-civ-spouse,Adm-clerical,Husband,White,Male,0.00000,0.00000,39.64639,United-States,<=50K,<end>
510,<start>,21.87085,Private,311764,Assoc-voc,10.91349,Never-married,Exec-managerial,Not-in-family,White,Female,0.00000,0.00000,39.64639,United-States,<=50K,<end>
511,<start>,63.94239,Private,379062,Some-college,9.97418,Separated,Tech-support,Unmarried,White,Female,0.00000,0.00000,39.64639,United-States,<=50K,<end>
512,<start>,27.94126,Private,121993,Bachelors,12.93582,Never-married,Prof-specialty,Not-in-family,White,Male,0.00000,0.00000,39.64639,United-States,<=50K,<end>
513,<start>,53.71282,Private,136277,10th,5.98945,Married-civ-spouse,Transport-moving,Husband,White,Female,0.00000,0.00000,24.77909,United-States,<=50K,<end>
514,<start>,42.31134,State-gov,197429,Doctorate,15.95863,Married-civ-spouse,Exec-managerial,Husband,White,Male,0.00000,0.00000,49.89895,United-States,>50K,<end>
515,<start>,20.01485,?,139903,Bachelors,12.93582,Never-married,?,Not-in-family,White,Male,0.00000,0.00000,26.57577,United-States,<=50K,<end>
516,<start>,47.81698,?,52590,Bachelors,12.93582,Divorced,?,Unmarried,White,Female,0.00000,0.00000,39.64639,United-States,<=50K,<end>
517,<start>,46.87664,Private,439608,HS-grad,8.93521,Married-civ-spouse,Exec-managerial,Husband,White,Male,0.00000,0.00000,49.89895,United-States,<=50K,<end>
518,<start>,32.94546,Private,213226,HS-grad,8.93521,Divorced,Craft-repair,Not-in-family,Amer-Indian-Eskimo,Female,0.00000,0.00000,34.81332,United-States,<=50K,<end>
519,<start>,40.77909,Local-gov,401134,Masters,13.87377,Married-civ-spouse,Exec-managerial,Husband,White,Male,0.00000,0.00000,119.10435,United-States,<=50K,<end>
520,<start>,22.95875,Private,311764,Bachelors,12.93582,Never-married,Sales,Own-child,White,Male,0.00000,0.00000,35.51659,United-States,<=50K,<end>
521,<start>,21.47395,Private,141511,HS-grad,8.93521,Never-married,Other-service,Own-child,White,Male,0.00000,1095.63316,35.51659,United-States,<=50K,<end>
522,<start>,19.97490,Private,227491,Bachelors,12.93582,Married-civ-spouse,Sales,Husband,White,Male,0.00000,0.00000,39.64639,United-States,<=50K,<end>
523,<start>,27.94126,Local-gov,154863,HS-grad,8.93521,Married-civ-spouse,Craft-repair,Husband,White,Male,0.00000,0.00000,39.64639,United-States,<=50K,<end>
524,<start>,40.77909,Local-gov,401134,Bachelors,12.93582,Divorced,Prof-specialty,Unmarried,White,Female,0.00000,0.00000,39.64639,United-States,<=50K,<end>
525,<start>,24.75828,Private,199224,Bachelors,12.93582,Divorced,Prof-specialty,Not-in-family,White,Female,0.00000,1095.63316,24.77909,United-States,<=50K,<end>
526,<start>,40.77909,Local-gov,401134,Bachelors,12.93582,Married-civ-spouse,Prof-specialty,Husband,White,Male,0.00000,0.00000,49.89895,United-States,<=50K,<end>
527,<start>,21.98945,Private,234641,HS-grad,8.93521,Never-married,Adm-clerical,Unmarried,White,Female,0.00000,0.00000,39.64639,United-States,<=50K,<end>
528,<start>,21.98945,Private,139391,11th,6.95875,Never-married,?,Own-child,White,Male,0.00000,0.00000,39.64639,United-States,<=50K,<end>
529,<start>,22.95875,Private,169995,Bachelors,12.93582,Married-civ-spouse,Sales,Husband,White,Male,0.00000,0.00000,39.64639,United-States,<=50K,<end>
530,<start>,33.99331,Private,177522,Masters,13.87377,Married-civ-spouse,Sales,Not-in-family,White,Male,0.00000,1901.99987,39.64639,United-States,>50K,<end>
531,<start>,36.90524,Private,166497,Bachelors,12.93582,Divorced,Exec-managerial,Unmarried,White,Female,0.00000,0.00000,39.64639,United-States,<=50K,<end>
532,<start>,27.94126,Private,176137,Bachelors,12.93582,Never-married,Prof-specialty,Not-in-family,White,Male,0.00001,0.00000,47.94239,United-States,<=50K,<end>
533,<start>,27.94126,Private,300528,Bachelors,12.93582,Married-civ-spouse,Prof-specialty,Husband,White,Male,0.00000,0.00000,39.64639,United-States,<=50K,<end>
534,<start>,27.94126,?,176137,HS-grad,8.93521,Never-married,?,Other-relative,White,Female,0.00000,0.00000,39.64639,United-States,<=50K,<end>
535,<start>,21.87085,Private,311764,7th-8th,3.97490,Married-civ-spouse,Sales,Husband,White,Male,2685.38607,0.00000,14.58509,United-States,<=50K,<end>
536,<start>,20.95303,Private,185251,HS-grad,8.93521,Never-married,Craft-repair,Not-in-family,White,Male,0.00000,0.00000,39.64639,United-States,<=50K,<end>
537,<start>,22.95875,Private,31606,HS-grad,8.93521,Never-married,Tech-support,Not-in-family,Asian-Pac-Islander,Female,0.00000,0.00000,39.64639,Philippines,<=50K,<end>
538,<start>,51.87354,Private,221936,HS-grad,8.93521,Divorced,Exec-managerial,Not-in-family,White,Female,0.00000,0.00000,39.64639,United-States,<=50K,<end>
539,<start>,45.96410,Private,104024,Masters,13.87377,Married-civ-spouse,Sales,Husband,White,Male,0.00000,1901.99987,40.44730,United-States,>50K,<end>
540,<start>,26.59095,?,313930,Masters,13.87377,Married-civ-spouse,Exec-managerial,Husband,White,Male,0.00000,0.00000,44.70118,United-States,>50K,<end>
541,<start>,20.95303,Private,185251,Bachelors,12.93582,Married-civ-spouse,Tech-support,Husband,White,Male,0.00000,0.00000,35.87354,United-States,<=50K,<end>
542,<start>,45.96410,Private,187636,HS-grad,8.93521,Married-civ-spouse,Sales,Husband,White,Male,0.00000,0.00000,26.57577,United-States,<=50K,<end>
543,<start>,46.87664,Private,228873,Assoc-voc,10.91349,Married-civ-spouse,Craft-repair,Husband,White,Male,0.00000,0.00000,43.81604,United-States,>50K,<end>
544,<start>,26.91349,?,52590,Bachelors,12.93582,Never-married,?,Not-in-family,White,Male,0.00001,0.00000,39.64639,United-States,<=50K,<end>
545,<start>,21.98945,Private,234641,HS-grad,8.93521,Never-married,Other-service,Not-in-family,Amer-Indian-Eskimo,Female,0.00000,0.00000,34.81332,United-States,<=50K,<end>
546,<start>,18.97427,Local-gov,276973,Some-college,9.97418,Never-married,Prof-specialty,Own-child,White,Female,0.00000,0.00000,39.64639,United-States,<=50K,<end>
547,<start>,31.95863,Private,311764,9th,9.97418,Married-civ-spouse,Sales,Husband,White,Male,0.00000,0.00000,39.64639,United-States,<=50K,<end>
548,<start>,40.77909,Local-gov,401134,Bachelors,12.93582,Married-civ-spouse,Exec-managerial,Husband,White,Male,0.00000,0.00000,71.52164,United-States,>50K,<end>
549,<start>,31.95863,Private,311764,HS-grad,8.93521,Never-married,Craft-repair,Not-in-family,Amer-Indian-Eskimo,Male,0.00000,0.00000,39.64639,United-States,<=50K,<end>
550,<start>,27.94126,Private,176137,Bachelors,12.93582,Married-civ-spouse,Prof-specialty,Husband,White,Male,0.00000,0.00000,35.87354,United-States,<=50K,<end>
551,<start>,39.80748,Self-emp-not-inc,195066,Bachelors,12.93582,Married-civ-spouse,Exec-managerial,Husband,White,Male,0.00000,0.00000,49.89895,United-States,>50K,<end>
552,<start>,46.87664,Self-emp-not-inc,132728,Masters,13.87377,Divorced,Exec-managerial,Not-in-family,White,Male,0.00000,0.00000,47.94239,United-States,<=50K,<end>
553,<start>,39.80748,Private,308027,Doctorate,15.95863,Married-civ-spouse,Prof-specialty,Husband,White,Male,0.00000,1901.99987,49.89895,United-States,>50K,<end>
554,<start>,48.78595,State-gov,52590,Bachelors,12.93582,Married-civ-spouse,Prof-specialty,Husband,White,Male,0.00000,0.00000,47.94239,United-States,<=50K,<end>
555,<start>,27.94126,Private,176137,HS-grad,8.93521,Never-married,Sales,Not-in-family,White,Female,0.00000,0.00000,39.64639,United-States,<=50K,<end>
556,<start>,21.87085,Private,311764,HS-grad,8.93521,Married-civ-spouse,Craft-repair,Husband,White,Male,0.00000,0.00000,39.64639,United-States,<=50K,<end>
557,<start>,21.98945,State-gov,47086,12th,7.92482,Married-civ-spouse,Exec-managerial,Husband,White,Male,0.00000,0.00000,39.64639,United-States,>50K,<end>
558,<start>,26.91349,?,52590,Bachelors,12.93582,Never-married,?,Not-in-family,White,Female,0.00000,0.00000,39.64639,United-States,<=50K,<end>
559,<start>,21.98945,Private,234641,HS-grad,8.93521,Never-married,Handlers-cleaners,Own-child,Black,Male,0.00000,0.00000,39.64639,United-States,<=50K,<end>
560,<start>,40.77909,Local-gov,401134,Some-college,9.97418,Divorced,Exec-managerial,Not-in-family,White,Male,0.00000,0.00000,39.64639,United-States,<=50K,<end>
561,<start>,24.93521,Private,58343,HS-grad,8.93521,Married-civ-spouse,Tech-support,Husband,White,Male,0.00000,0.00000,49.89895,United-States,<=50K,<end>
562,<start>,21.98945,Private,234641,Some-college,9.97418,Never-married,Adm-clerical,Not-in-family,White,Female,0.00000,0.00000,39.64639,United-States,<=50K,<end>
563,<start>,27.94126,Private,176137,Bachelors,12.93582,Never-married,Prof-specialty,Not-in-family,White,Female,0.00000,0.00000,26.31134,United-States,<=50K,<end>
564,<start>,59.38006,State-gov,71151,7th-8th,3.97490,Divorced,Sales,Unmarried,White,Female,0.00000,0.00000,26.31134,United-States,<=50K,<end>
565,<start>,33.63702,?,201454,Assoc-voc,10.91349,Married-civ-spouse,?,Husband,White,Male,0.00000,0.00000,35.87354,United-States,<=50K,<end>
566,<start>,48.13674,Local-gov,321851,Bachelors,12.93582,Married-civ-spouse,Prof-specialty,Husband,White,Male,0.00000,0.00000,49.89895,United-States,<=50K,<end>
567,<start>,21.98945,Private,137142,11th,6.95875,Never-married,?,Own-child,White,Male,0.00000,0.00000,39.64639,United-States,<=50K,<end>
568,<start>,27.94126,Private,303044,Bachelors,12.93582,Married-civ-spouse,Craft-repair,Husband,White,Male,0.00000,0.00000,39.64639,United-States,<=50K,<end>
569,<start>,41.27966,Local-gov,321851,Bachelors,12.93582,Never-married,Prof-specialty,Not-in-family,White,Female,0.00000,0.00000,39.64639,United-States,<=50K,<end>
570,<start>,36.90524,State-gov,107584,Assoc-voc,10.91349,Married-civ-spouse,Tech-support,Husband,White,Male,0.00000,0.00000,53.51703,United-States,<=50K,<end>
571,<start>,45.96410,?,52590,Bachelors,12.93582,Divorced,?,Not-in-family,White,Female,0.00001,0.00000,39.64639,United-States,<=50K,<end>
572,<start>,44.78919,Federal-gov,311671,Assoc-voc,10.91349,Married-civ-spouse,Exec-managerial,Husband,White,Male,0.00000,0.00000,53.51703,United-States,<=50K,<end>
573,<start>,27.94126,Local-gov,154863,HS-grad,8.93521,Married-civ-spouse,Exec-managerial,Husband,White,Male,0.00000,0.00000,49.89895,United-States,<=50K,<end>
574,<start>,18.97427,?,634226,10th,5.98945,Married-civ-spouse,Exec-managerial,Husband,White,Male,0.00000,0.00000,39.64639,United-States,>50K,<end>
575,<start>,40.77909,Private,277783,Bachelors,12.93582,Married-civ-spouse,Sales,Husband,White,Male,0.00008,0.00000,39.64639,United-States,>50K,<end>
576,<start>,63.94239,Private,379062,Bachelors,12.93582,Married-civ-spouse,Exec-managerial,Husband,White,Male,0.00000,0.00000,39.64639,United-States,>50K,<end>
577,<start>,27.94126,Private,176137,HS-grad,8.93521,Divorced,Craft-repair,Not-in-family,White,Male,0.00000,0.00000,39.64639,United-States,<=50K,<end>
578,<start>,27.94126,Local-gov,154863,HS-grad,8.93521,Married-civ-spouse,Craft-repair,Husband,White,Male,0.00000,0.00000,39.64639,United-States,<=50K,<end>
579,<start>,36.90524,Private,166497,Bachelors,12.93582,Married-civ-spouse,Exec-managerial,Husband,White,Male,0.00000,0.00000,39.64639,United-States,<=50K,<end>
580,<start>,21.87085,Private,311764,HS-grad,8.93521,Never-married,Craft-repair,Not-in-family,Amer-Indian-Eskimo,Male,0.00000,0.00000,39.64639,United-States,<=50K,<end>
581,<start>,45.96410,Private,211585,Bachelors,12.93582,Divorced,Sales,Unmarried,White,Female,0.00000,0.00000,24.77909,United-States,<=50K,<end>
582,<start>,27.94126,Private,176137,HS-grad,8.93521,Never-married,Sales,Not-in-family,White,Male,0.00000,0.00000,44.70118,United-States,<=50K,<end>
583,<start>,41.79034,Private,176027,HS-grad,8.93521,Married-civ-spouse,Exec-managerial,Husband,White,Male,0.00000,0.00000,49.89895,United-States,>50K,<end>
584,<start>,24.93521,Private,210184,11th,6.95875,Separated,Craft-repair,Not-in-family,White,Male,0.00000,0.00000,39.64639,United-States,<=50K,<end>
585,<start>,46.87664,Local-gov,321851,Bachelors,12.93582,Never-married,Prof-specialty,Not-in-family,White,Male,0.00000,0.00000,49.89895,United-States,<=50K,<end>
586,<start>,27.94126,Private,176137,Bachelors,12.93582,Never-married,Sales,Not-in-family,White,Male,0.00000,0.00000,47.94239,United-States,<=50K,<end>
587,<start>,19.97490,Private,227491,HS-grad,8.93521,Never-married,Handlers-cleaners,Other-relative,Black,Male,0.00000,0.00000,39.64639,United-States,<=50K,<end>
588,<start>,27.94126,Private,176137,HS-grad,8.93521,Divorced,Sales,Not-in-family,White,Male,0.00000,0.00000,39.64639,United-States,<=50K,<end>
589,<start>,27.94126,Private,176137,Bachelors,12.93582,Married-civ-spouse,Prof-specialty,Husband,White,Male,0.00000,0.00000,39.64639,United-States,<=50K,<end>
590,<start>,45.96410,Private,439608,12th,7.92482,Divorced,Exec-managerial,Unmarried,White,Male,0.00000,0.00000,39.64639,United-States,<=50K,<end>
591,<start>,27.94126,Private,176137,Assoc-acdm,11.94126,Divorced,Transport-moving,Not-in-family,White,Male,0.00000,0.00000,39.64639,United-States,<=50K,<end>
592,<start>,20.95303,Private,191335,HS-grad,8.93521,Married-civ-spouse,Sales,Husband,White,Male,0.00000,0.00000,39.64639,United-States,<=50K,<end>
593,<start>,18.97427,Private,66686,Assoc-acdm,11.94126,Never-married,Sales,Not-in-family,White,Male,0.00000,0.00000,34.81332,United-States,<=50K,<end>
594,<start>,51.87354,Private,221936,HS-grad,8.93521,Divorced,Exec-managerial,Not-in-family,White,Female,0.00000,0.00000,39.64639,United-States,<=50K,<end>
595,<start>,27.94126,Private,176137,Bachelors,12.93582,Married-civ-spouse,Prof-specialty,Husband,White,Male,0.00000,1095.63316,47.94239,United-States,<=50K,<end>
596,<start>,40.77909,Local-gov,401134,Some-college,9.97418,Separated,Exec-managerial,Unmarried,White,Female,0.00000,0.00000,39.64639,United-States,>50K,<end>
597,<start>,21.98945,?,77873,Assoc-voc,10.69739,Married-civ-spouse,?,Husband,White,Male,0.00000,0.00000,39.64639,United-States,<=50K,<end>
598,<start>,48.78595,?,52590,HS-grad,8.93521,Married-civ-spouse,?,Husband,White,Male,0.00000,0.00000,39.64639,United-States,<=50K,<end>
599,<start>,26.91349,State-gov,23740,Bachelors,12.93582,Never-married,Prof-specialty,Not-in-family,Amer-Indian-Eskimo,Male,0.00000,0.00000,34.12397,United-States,<=50K,<end>
600,<start>,22.95875,Private,192290,Bachelors,12.93582,Married-civ-spouse,Sales,Not-in-family,White,Male,0.00000,0.00000,39.64639,United-States,<=50K,<end>
601,<start>,44.78919,Self-emp-not-inc,225456,Bachelors,12.93582,Divorced,Exec-managerial,Unmarried,White,Male,0.00000,0.00000,39.64639,United-States,<=50K,<end>
602,<start>,45.96410,Private,460437,Masters,13.87377,Never-married,Sales,Not-in-family,White,Male,0.00000,1095.63316,39.64639,United-States,<=50K,<end>
603,<start>,57.67911,State-gov,190682,Assoc-voc,10.91349,Widowed,Other-service,Not-in-family,Black,Male,0.00000,0.00000,33.44827,United-States,<=50K,<end>
604,<start>,23.92482,Private,211585,HS-grad,8.93521,Married-civ-spouse,Craft-repair,Husband,White,Male,0.00000,0.00000,39.64639,United-States,<=50K,<end>
605,<start>,22.95875,Private,31606,HS-grad,8.93521,Never-married,Sales,Not-in-family,White,Female,0.00000,0.00000,39.64639,United-States,<=50K,<end>
606,<start>,21.98945,Private,234641,HS-grad,8.93521,Married-civ-spouse,Exec-managerial,Husband,Black,Male,0.00000,0.00000,32.45972,United-States,<=50K,<end>
607,<start>,53.71282,Private,300528,11th,6.95875,Never-married,Craft-repair,Own-child,White,Male,0.00000,0.00000,39.64639,United-States,<=50K,<end>
608,<start>,40.77909,Local-gov,277783,Some-college,9.97418,Divorced,Exec-managerial,Unmarried,White,Female,0.00000,0.00000,43.81604,United-States,<=50K,<end>
609,<start>,41.79034,State-gov,148316,Assoc-voc,10.91349,Married-civ-spouse,Protective-serv,Husband,White,Male,0.00000,0.00000,39.64639,United-States,<=50K,<end>
610,<start>,44.78919,State-gov,311671,Assoc-voc,10.91349,Married-civ-spouse,Exec-managerial,Husband,White,Male,0.00000,0.00000,53.51703,United-States,>50K,<end>
611,<start>,27.94126,Private,176137,HS-grad,8.93521,Married-civ-spouse,Craft-repair,Husband,White,Male,0.00000,0.00000,39.64639,United-States,<=50K,<end>
612,<start>,63.94239,Private,379062,HS-grad,8.93521,Married-civ-spouse,Sales,Husband,White,Male,0.00000,0.00000,39.64639,United-States,<=50K,<end>
613,<start>,33.63702,Private,182437,11th,6.95875,Never-married,Craft-repair,Not-in-family,White,Male,0.00000,0.00000,39.64639,United-States,<=50K,<end>
614,<start>,21.98945,Self-emp-not-inc,223212,HS-grad,8.93521,Never-married,Other-service,Unmarried,White,Female,0.00000,0.00000,39.64639,United-States,<=50K,<end>
615,<start>,40.77909,Local-gov,401134,Bachelors,12.93582,Divorced,Sales,Unmarried,White,Male,0.00000,0.00000,39.64639,United-States,<=50K,<end>
616,<start>,22.95875,Private,31606,HS-grad,8.93521,Never-married,Other-service,Unmarried,White,Female,0.00000,0.00000,34.81332,United-States,<=50K,<end>
617,<start>,32.94546,Private,213226,HS-grad,8.93521,Divorced,Other-service,Not-in-family,White,Female,0.00000,0.00000,35.87354,United-States,<=50K,<end>
618,<start>,46.87664,Private,141511,Doctorate,15.95863,Married-civ-spouse,Prof-specialty,Husband,White,Male,0.00000,0.00000,59.73989,United-States,<=50K,<end>
619,<start>,27.94126,Private,176137,Bachelors,12.93582,Married-civ-spouse,Prof-specialty,Husband,White,Male,0.00000,1979.66119,39.64639,United-States,<=50K,<end>
620,<start>,48.45972,Private,221936,Bachelors,12.93582,Married-civ-spouse,Exec-managerial,Husband,White,Male,0.00000,0.00000,47.94239,United-States,>50K,<end>
621,<start>,40.77909,?,277783,Masters,13.87377,Divorced,Exec-managerial,Own-child,White,Male,0.00000,0.00000,35.87354,United-States,<=50K,<end>
622,<start>,22.95875,Private,31606,Bachelors,12.93582,Never-married,Prof-specialty,Not-in-family,White,Male,0.00000,0.00000,39.64639,United-States,<=50K,<end>
623,<start>,34.91585,Private,195516,7th-8th,3.97490,Divorced,Transport-moving,Unmarried,White,Male,0.00000,0.00000,29.96410,United-States,<=50K,<end>
624,<start>,21.98945,Self-emp-not-inc,234641,HS-grad,8.93521,Married-civ-spouse,Farming-fishing,Husband,White,Male,0.00000,0.00000,107.77007,United-States,<=50K,<end>
